,Date,Open,High,Low,Close
1937,2025-06-02,8.7,8.7,8.7,8.7
1936,2025-05-30,8.7,8.7,8.7,8.7
1935,2025-05-29,8.7,8.7,8.7,8.7
1934,2025-05-28,8.7,8.7,8.7,8.7
1933,2025-05-27,8.7,8.7,8.7,8.7
1932,2025-05-26,8.7,8.7,8.7,8.7
1931,2025-05-23,8.7,8.7,8.7,8.7
1930,2025-05-22,8.7,8.7,8.7,8.7
1929,2025-05-21,8.7,8.7,8.7,8.7
1928,2025-05-20,8.7,8.7,8.7,8.7
1927,2025-05-19,8.7,8.7,8.7,8.7
1926,2025-05-16,8.7,8.7,8.7,8.7
1925,2025-05-15,8.7,8.7,8.7,8.7
1924,2025-05-14,8.7,8.7,8.7,8.7
1923,2025-05-13,8.7,8.7,8.7,8.7
1922,2025-05-12,8.7,8.7,8.7,8.7
1921,2025-05-09,8.7,8.7,8.7,8.7
1920,2025-05-08,8.7,8.7,8.7,8.7
1919,2025-05-07,8.7,8.7,8.7,8.7
1918,2025-05-06,8.7,8.7,8.7,8.7
1917,2025-05-05,8.7,8.7,8.7,8.7
1916,2025-04-29,8.7,8.7,8.7,8.7
1915,2025-04-28,8.7,8.7,8.7,8.7
1914,2025-04-25,8.7,8.7,8.7,8.7
1913,2025-04-24,8.7,8.7,8.7,8.7
1912,2025-04-23,8.7,8.7,8.7,8.7
1911,2025-04-22,8.7,8.7,8.7,8.7
1910,2025-04-21,8.7,8.7,8.7,8.7
1909,2025-04-18,8.7,8.7,8.7,8.7
1908,2025-04-17,8.7,8.7,8.7,8.7
1907,2025-04-16,8.7,8.7,8.7,8.7
1906,2025-04-15,8.7,8.7,8.7,8.7
1905,2025-04-14,8.7,8.7,8.7,8.7
1904,2025-04-11,8.7,8.7,8.7,8.7
1903,2025-04-10,8.7,8.7,8.7,8.7
1902,2025-04-09,8.7,8.7,8.7,8.7
1901,2025-04-08,8.7,8.7,8.7,8.7
1900,2025-04-04,8.7,8.7,8.7,8.7
1899,2025-04-03,8.7,8.7,8.7,8.7
1898,2025-04-02,8.7,8.7,8.7,8.7
1897,2025-04-01,8.7,8.7,8.7,8.7
1896,2025-03-31,8.7,8.7,8.7,8.7
1895,2025-03-28,8.7,8.7,8.7,8.7
1894,2025-03-27,8.7,8.7,8.7,8.7
1893,2025-03-26,8.7,8.7,8.7,8.7
1892,2025-03-25,8.7,8.7,8.7,8.7
1891,2025-03-24,8.7,8.7,8.7,8.7
1890,2025-03-21,8.7,8.7,8.7,8.7
1889,2025-03-20,8.7,8.7,8.7,8.7
1888,2025-03-19,8.7,8.7,8.7,8.7
1887,2025-03-18,8.7,8.7,8.7,8.7
1886,2025-03-17,8.7,8.7,8.7,8.7
1885,2025-03-14,8.7,8.7,8.7,8.7
1884,2025-03-13,8.7,8.7,8.7,8.7
1883,2025-03-12,8.7,8.7,8.7,8.7
1882,2025-03-11,8.7,8.7,8.7,8.7
1881,2025-03-10,8.7,8.7,8.7,8.7
1880,2025-03-07,8.7,8.7,8.7,8.7
1879,2025-03-06,8.7,8.7,8.7,8.7
1878,2025-03-05,8.7,8.7,8.7,8.7
1877,2025-03-04,8.7,8.7,8.7,8.7
1876,2025-03-03,8.7,8.7,8.7,8.7
1875,2025-02-28,8.7,8.7,8.7,8.7
1874,2025-02-27,8.7,8.7,8.7,8.7
1873,2025-02-26,8.7,8.7,8.7,8.7
1872,2025-02-25,8.7,8.7,8.7,8.7
1871,2025-02-24,8.7,8.7,8.7,8.7
1870,2025-02-21,8.7,8.7,8.7,8.7
1869,2025-02-20,8.7,8.7,8.7,8.7
1868,2025-02-19,8.7,8.7,8.7,8.7
1867,2025-02-18,8.7,8.7,8.7,8.7
1866,2025-02-17,8.7,8.7,8.7,8.7
1865,2025-02-14,8.7,8.7,8.7,8.7
1864,2025-02-13,8.7,8.7,8.7,8.7
1863,2025-02-12,8.7,8.7,8.7,8.7
1862,2025-02-11,8.7,8.7,8.7,8.7
1861,2025-02-10,8.7,8.7,8.7,8.7
1860,2025-02-07,8.7,8.7,8.7,8.7
1859,2025-02-06,8.7,8.7,8.7,8.7
1858,2025-02-05,8.7,8.7,8.7,8.7
1857,2025-02-04,8.7,8.7,8.7,8.7
1856,2025-02-03,8.7,8.7,8.7,8.7
1855,2025-01-24,8.7,8.7,8.7,8.7
1854,2025-01-23,8.7,8.7,8.7,8.7
1853,2025-01-22,8.7,8.7,8.7,8.7
1852,2025-01-21,8.7,8.7,8.7,8.7
1851,2025-01-20,8.7,8.7,8.7,8.7
1850,2025-01-17,8.7,8.7,8.7,8.7
1849,2025-01-16,8.7,8.7,8.7,8.7
1848,2025-01-15,8.7,8.7,8.7,8.7
1847,2025-01-14,8.7,8.7,8.7,8.7
1846,2025-01-13,8.7,8.7,8.7,8.7
1845,2025-01-10,8.7,8.7,8.7,8.7
1844,2025-01-09,8.7,8.7,8.7,8.7
1843,2025-01-08,8.7,8.7,8.7,8.7
1842,2025-01-07,8.7,8.7,8.7,8.7
1841,2025-01-06,8.7,8.7,8.7,8.7
1840,2025-01-03,8.7,8.7,8.7,8.7
1839,2025-01-02,8.7,8.7,8.7,8.7
1838,2024-12-31,8.7,8.7,8.7,8.7
1837,2024-12-30,8.7,8.7,8.7,8.7
1836,2024-12-27,8.7,8.7,8.7,8.7
1835,2024-12-26,8.7,8.7,8.7,8.7
1834,2024-12-25,8.7,8.7,8.7,8.7
1833,2024-12-24,8.7,8.7,8.7,8.7
1832,2024-12-23,8.7,8.7,8.7,8.7
1831,2024-12-20,8.7,8.7,8.7,8.7
1830,2024-12-19,8.7,8.7,8.7,8.7
1829,2024-12-18,8.7,8.7,8.7,8.7
1828,2024-12-17,8.7,8.7,8.7,8.7
1827,2024-12-16,8.7,8.7,8.7,8.7
1826,2024-12-13,8.7,8.7,8.7,8.7
1825,2024-12-12,8.7,8.7,8.7,8.7
1824,2024-12-11,8.7,8.7,8.7,8.7
1823,2024-12-10,8.7,8.7,8.7,8.7
1822,2024-12-09,8.7,8.7,8.7,8.7
1821,2024-12-06,8.7,8.7,8.7,8.7
1820,2024-12-05,8.7,8.7,8.7,8.7
1819,2024-12-04,8.7,8.7,8.7,8.7
1818,2024-12-03,8.7,8.7,8.7,8.7
1817,2024-12-02,8.7,8.7,8.7,8.7
1816,2024-11-29,8.7,8.7,8.7,8.7
1815,2024-11-28,8.7,8.7,8.7,8.7
1814,2024-11-27,8.7,8.7,8.7,8.7
1813,2024-11-26,8.7,8.7,8.7,8.7
1812,2024-11-25,8.7,8.7,8.7,8.7
1811,2024-11-22,8.7,8.7,8.7,8.7
1810,2024-11-21,8.7,8.7,8.7,8.7
1809,2024-11-20,8.7,8.7,8.7,8.7
1808,2024-11-19,8.7,8.7,8.7,8.7
1807,2024-11-18,8.7,8.7,8.7,8.7
1806,2024-11-15,8.7,8.7,8.7,8.7
1805,2024-11-14,8.7,8.7,8.7,8.7
1804,2024-11-13,8.7,8.7,8.7,8.7
1803,2024-11-12,8.7,8.7,8.7,8.7
1802,2024-11-11,8.7,8.7,8.7,8.7
1801,2024-11-08,8.7,8.7,8.7,8.7
1800,2024-11-07,8.7,8.7,8.7,8.7
1799,2024-11-06,8.7,8.7,8.7,8.7
1798,2024-11-05,8.7,8.7,8.7,8.7
1797,2024-11-04,8.7,8.7,8.7,8.7
1796,2024-11-01,8.7,8.7,8.7,8.7
1795,2024-10-31,8.7,8.7,8.7,8.7
1794,2024-10-30,8.7,8.7,8.7,8.7
1793,2024-10-29,8.7,8.7,8.7,8.7
1792,2024-10-28,8.7,8.7,8.7,8.7
1791,2024-10-25,8.7,8.7,8.7,8.7
1790,2024-10-24,8.7,8.7,8.7,8.7
1789,2024-10-23,8.7,8.7,8.7,8.7
1788,2024-10-22,8.7,8.7,8.7,8.7
1787,2024-10-21,8.7,8.7,8.7,8.7
1786,2024-10-18,8.7,8.7,8.7,8.7
1785,2024-10-17,8.7,8.7,8.7,8.7
1784,2024-10-16,8.7,8.7,8.7,8.7
1783,2024-10-15,8.7,8.7,8.7,8.7
1782,2024-10-14,8.7,8.7,8.7,8.7
1781,2024-10-11,8.7,8.7,8.7,8.7
1780,2024-10-10,8.7,8.7,8.7,8.7
1779,2024-10-09,8.7,8.7,8.7,8.7
1778,2024-10-08,8.7,8.7,8.7,8.7
1777,2024-10-07,8.7,8.7,8.7,8.7
1776,2024-10-04,8.7,8.7,8.7,8.7
1775,2024-10-03,8.7,8.7,8.7,8.7
1774,2024-10-02,8.7,8.7,8.7,8.7
1773,2024-10-01,8.7,8.7,8.7,8.7
1772,2024-09-30,8.7,8.7,8.7,8.7
1771,2024-09-27,8.7,8.7,8.7,8.7
1770,2024-09-26,8.7,8.7,8.7,8.7
1769,2024-09-25,8.7,8.7,8.7,8.7
1768,2024-09-24,8.7,8.7,8.7,8.7
1767,2024-09-23,8.7,8.7,8.7,8.7
1766,2024-09-20,8.7,8.7,8.7,8.7
1765,2024-09-19,8.7,8.7,8.7,8.7
1764,2024-09-18,8.7,8.7,8.7,8.7
1763,2024-09-17,8.7,8.7,8.7,8.7
1762,2024-09-16,8.7,8.7,8.7,8.7
1761,2024-09-13,8.7,8.7,8.7,8.7
1760,2024-09-12,8.7,8.7,8.7,8.7
1759,2024-09-11,8.7,8.7,8.7,8.7
1758,2024-09-10,8.7,8.7,8.7,8.7
1757,2024-09-09,8.7,8.7,8.7,8.7
1756,2024-09-06,8.7,8.7,8.7,8.7
1755,2024-09-05,8.7,8.7,8.7,8.7
1754,2024-09-04,8.7,8.7,8.7,8.7
1753,2024-08-30,8.7,8.7,8.7,8.7
1752,2024-08-29,8.7,8.7,8.7,8.7
1751,2024-08-28,8.7,8.7,8.7,8.7
1750,2024-08-27,8.7,8.7,8.7,8.7
1749,2024-08-26,8.7,8.7,8.7,8.7
1748,2024-08-23,8.7,8.7,8.7,8.7
1747,2024-08-22,8.7,8.7,8.7,8.7
1746,2024-08-21,8.7,8.7,8.7,8.7
1745,2024-08-20,8.7,8.7,8.7,8.7
1744,2024-08-19,8.7,8.7,8.7,8.7
1743,2024-08-16,8.7,8.7,8.7,8.7
1742,2024-08-15,8.7,8.7,8.7,8.7
1741,2024-08-14,8.7,8.7,8.7,8.7
1740,2024-08-13,8.7,8.7,8.7,8.7
1739,2024-08-12,8.7,8.7,8.7,8.7
1738,2024-08-09,8.7,8.7,8.7,8.7
1737,2024-08-08,8.7,8.7,8.7,8.7
1736,2024-08-07,8.7,8.7,8.7,8.7
1735,2024-08-06,8.7,8.7,8.7,8.7
1734,2024-08-05,8.7,8.7,8.7,8.7
1733,2024-08-02,8.7,8.7,8.7,8.7
1732,2024-08-01,8.7,8.7,8.7,8.7
1731,2024-07-31,8.7,8.7,8.7,8.7
1730,2024-07-30,8.7,8.7,8.7,8.7
1729,2024-07-29,8.7,8.7,8.7,8.7
1728,2024-07-26,8.7,8.7,8.7,8.7
1727,2024-07-25,8.7,8.7,8.7,8.7
1726,2024-07-24,8.7,8.7,8.7,8.7
1725,2024-07-23,8.7,8.7,8.7,8.7
1724,2024-07-22,8.7,8.7,8.7,8.7
1723,2024-07-19,8.7,8.7,8.7,8.7
1722,2024-07-18,8.7,8.7,8.7,8.7
1721,2024-07-17,8.7,8.7,8.7,8.7
1720,2024-07-16,8.7,8.7,8.7,8.7
1719,2024-07-15,8.7,8.7,8.7,8.7
1718,2024-07-12,8.7,8.7,8.7,8.7
1717,2024-07-11,8.7,8.7,8.7,8.7
1716,2024-07-10,8.7,8.7,8.7,8.7
1715,2024-07-09,8.7,8.7,8.7,8.7
1714,2024-07-08,8.7,8.7,8.7,8.7
1713,2024-07-05,8.7,8.7,8.7,8.7
1712,2024-07-04,8.7,8.7,8.7,8.7
1711,2024-07-03,8.7,8.7,8.7,8.7
1710,2024-07-02,8.7,8.7,8.7,8.7
1709,2024-07-01,8.7,8.7,8.7,8.7
1708,2024-06-28,8.7,8.7,8.7,8.7
1707,2024-06-27,8.7,8.7,8.7,8.7
1706,2024-06-26,8.7,8.7,8.7,8.7
1705,2024-06-25,8.7,8.7,8.7,8.7
1704,2024-06-24,8.7,8.7,8.7,8.7
1703,2024-06-21,8.7,8.7,8.7,8.7
1702,2024-06-20,8.7,8.7,8.7,8.7
1701,2024-06-19,8.7,8.7,8.7,8.7
1700,2024-06-18,8.7,8.7,8.7,8.7
1699,2024-06-17,8.7,8.7,8.7,8.7
1698,2024-06-14,8.7,8.7,8.7,8.7
1697,2024-06-13,8.7,8.7,8.7,8.7
1696,2024-06-12,8.7,8.7,8.7,8.7
1695,2024-06-11,8.7,8.7,8.7,8.7
1694,2024-06-10,8.7,8.7,8.7,8.7
1693,2024-06-07,8.7,8.7,8.7,8.7
1692,2024-06-06,8.7,8.7,8.7,8.7
1691,2024-06-05,8.7,8.7,8.7,8.7
1690,2024-06-04,8.7,8.7,8.7,8.7
1689,2024-06-03,8.7,8.7,8.7,8.7
1688,2024-05-31,8.7,8.7,8.7,8.7
1687,2024-05-30,8.7,8.7,8.7,8.7
1686,2024-05-29,8.7,8.7,8.7,8.7
1685,2024-05-28,8.7,8.7,8.7,8.7
1684,2024-05-27,8.7,8.7,8.7,8.7
1683,2024-05-24,8.7,8.7,8.7,8.7
1682,2024-05-23,8.7,8.7,8.7,8.7
1681,2024-05-22,8.7,8.7,8.7,8.7
1680,2024-05-21,8.71,8.71,8.71,8.71
1679,2024-05-20,8.71,8.71,8.71,8.71
1678,2024-05-17,8.71,8.71,8.71,8.71
1677,2024-05-16,8.71,8.71,8.71,8.71
1676,2024-05-15,8.71,8.71,8.71,8.71
1675,2024-05-14,8.71,8.71,8.71,8.71
1674,2024-05-13,8.71,8.71,8.71,8.71
1673,2024-05-10,8.71,8.71,8.71,8.71
1672,2024-05-09,8.71,8.71,8.71,8.71
1671,2024-05-08,8.71,8.71,8.71,8.71
1670,2024-05-07,8.71,8.71,8.71,8.71
1669,2024-05-06,8.71,8.71,8.71,8.71
1668,2024-05-03,8.71,8.71,8.71,8.71
1667,2024-05-02,8.71,8.71,8.71,8.71
1666,2024-04-26,8.71,8.71,8.71,8.71
1665,2024-04-25,8.71,8.71,8.71,8.71
1664,2024-04-24,8.71,8.71,8.71,8.71
1663,2024-04-23,8.71,8.71,8.71,8.71
1662,2024-04-22,8.71,8.71,8.71,8.71
1661,2024-04-19,8.71,8.71,8.71,8.71
1660,2024-04-17,8.71,8.71,8.71,8.71
1659,2024-04-16,8.71,8.71,8.71,8.71
1658,2024-04-15,8.71,8.71,8.71,8.71
1657,2024-04-12,8.71,8.71,8.71,8.71
1656,2024-04-11,8.71,8.71,8.71,8.71
1655,2024-04-10,8.71,8.71,8.71,8.71
1654,2024-04-09,8.71,8.71,8.71,8.71
1653,2024-04-08,8.71,8.71,8.71,8.71
1652,2024-04-05,8.71,8.71,8.71,8.71
1651,2024-04-04,8.71,8.71,8.71,8.71
1650,2024-04-03,8.71,8.71,8.71,8.71
1649,2024-04-02,8.71,8.71,8.71,8.71
1648,2024-04-01,8.71,8.71,8.71,8.71
1647,2024-03-29,8.71,8.71,8.71,8.71
1646,2024-03-28,8.71,8.71,8.71,8.71
1645,2024-03-27,8.71,8.71,8.71,8.71
1644,2024-03-26,8.71,8.71,8.71,8.71
1643,2024-03-25,8.71,8.71,8.71,8.71
1642,2024-03-22,8.71,8.71,8.71,8.71
1641,2024-03-21,8.71,8.71,8.71,8.71
1640,2024-03-20,8.71,8.71,8.71,8.71
1639,2024-03-19,8.71,8.71,8.71,8.71
1638,2024-03-18,8.71,8.71,8.71,8.71
1637,2024-03-15,8.71,8.71,8.71,8.71
1636,2024-03-14,8.71,8.71,8.71,8.71
1635,2024-03-13,8.71,8.71,8.71,8.71
1634,2024-03-12,8.71,8.71,8.71,8.71
1633,2024-03-11,8.71,8.71,8.71,8.71
1632,2024-03-08,8.71,8.71,8.71,8.71
1631,2024-03-07,8.71,8.71,8.71,8.71
1630,2024-03-06,8.71,8.71,8.71,8.71
1629,2024-03-05,8.71,8.71,8.71,8.71
1628,2024-03-04,8.71,8.71,8.71,8.71
1627,2024-03-01,8.71,8.71,8.71,8.71
1626,2024-02-29,8.71,8.71,8.71,8.71
1625,2024-02-28,8.71,8.71,8.71,8.71
1624,2024-02-27,8.71,8.71,8.71,8.71
1623,2024-02-26,8.71,8.71,8.71,8.71
1622,2024-02-23,8.71,8.71,8.71,8.71
1621,2024-02-22,8.71,8.71,8.71,8.71
1620,2024-02-21,8.71,8.71,8.71,8.71
1619,2024-02-20,8.71,8.71,8.71,8.71
1618,2024-02-19,8.71,8.71,8.71,8.71
1617,2024-02-16,8.71,8.71,8.71,8.71
1616,2024-02-15,8.71,8.71,8.71,8.71
1615,2024-02-07,8.71,8.71,8.71,8.71
1614,2024-02-06,8.71,8.71,8.71,8.71
1613,2024-02-05,8.71,8.71,8.71,8.71
1612,2024-02-02,8.71,8.71,8.71,8.71
1611,2024-02-01,8.71,8.71,8.71,8.71
1610,2024-01-31,8.71,8.71,8.71,8.71
1609,2024-01-30,8.71,8.71,8.71,8.71
1608,2024-01-29,8.71,8.71,8.71,8.71
1607,2024-01-26,8.71,8.71,8.71,8.71
1606,2024-01-25,8.71,8.71,8.71,8.71
1605,2024-01-24,8.71,8.71,8.71,8.71
1604,2024-01-23,8.71,8.71,8.71,8.71
1603,2024-01-22,8.71,8.71,8.71,8.71
1602,2024-01-19,8.71,8.71,8.71,8.71
1601,2024-01-18,8.71,8.71,8.71,8.71
1600,2024-01-17,8.71,8.71,8.71,8.71
1599,2024-01-16,8.71,8.71,8.71,8.71
1598,2024-01-15,8.71,8.71,8.71,8.71
1597,2024-01-12,8.71,8.71,8.71,8.71
1596,2024-01-11,8.71,8.71,8.71,8.71
1595,2024-01-10,8.71,8.71,8.71,8.71
1594,2024-01-09,8.71,8.71,8.71,8.71
1593,2024-01-08,8.71,8.71,8.71,8.71
1592,2024-01-05,8.71,8.71,8.71,8.71
1591,2024-01-04,8.71,8.71,8.71,8.71
1590,2024-01-03,8.71,8.71,8.71,8.71
1589,2024-01-02,8.71,8.71,8.71,8.71
1588,2023-12-29,8.71,8.71,8.71,8.71
1587,2023-12-28,8.71,8.71,8.71,8.71
1586,2023-12-27,8.71,8.71,8.71,8.71
1585,2023-12-26,8.71,8.71,8.71,8.71
1584,2023-12-25,8.71,8.71,8.71,8.71
1583,2023-12-22,8.71,8.71,8.71,8.71
1582,2023-12-21,8.71,8.71,8.71,8.71
1581,2023-12-20,8.71,8.71,8.71,8.71
1580,2023-12-19,8.71,8.71,8.71,8.71
1579,2023-12-18,8.71,8.71,8.71,8.71
1578,2023-12-15,8.71,8.71,8.71,8.71
1577,2023-12-14,8.71,8.71,8.71,8.71
1576,2023-12-13,8.71,8.71,8.71,8.71
1575,2023-12-12,8.71,8.71,8.71,8.71
1574,2023-12-11,8.71,8.71,8.71,8.71
1573,2023-12-08,8.71,8.71,8.71,8.71
1572,2023-12-07,8.71,8.71,8.71,8.71
1571,2023-12-06,8.71,8.71,8.71,8.71
1570,2023-12-05,8.71,8.71,8.71,8.71
1569,2023-12-04,8.71,8.71,8.71,8.71
1568,2023-12-01,8.71,8.71,8.71,8.71
1567,2023-11-30,8.71,8.71,8.71,8.71
1566,2023-11-29,8.71,8.71,8.71,8.71
1565,2023-11-28,8.71,8.71,8.71,8.71
1564,2023-11-27,8.71,8.71,8.71,8.71
1563,2023-11-24,8.71,8.71,8.71,8.71
1562,2023-11-23,8.71,8.71,8.71,8.71
1561,2023-11-22,8.71,8.71,8.71,8.71
1560,2023-11-21,8.71,8.71,8.71,8.71
1559,2023-11-20,8.71,8.71,8.71,8.71
1558,2023-11-17,8.71,8.71,8.71,8.71
1557,2023-11-16,8.71,8.71,8.71,8.71
1556,2023-11-15,8.71,8.71,8.71,8.71
1555,2023-11-14,8.71,8.71,8.71,8.71
1554,2023-11-13,8.71,8.71,8.71,8.71
1553,2023-11-10,8.71,8.71,8.71,8.71
1552,2023-11-09,8.71,8.71,8.71,8.71
1551,2023-11-08,8.71,8.71,8.71,8.71
1550,2023-11-07,8.71,8.71,8.71,8.71
1549,2023-11-06,8.71,8.71,8.71,8.71
1548,2023-11-03,8.71,8.71,8.71,8.71
1547,2023-11-02,8.71,8.71,8.71,8.71
1546,2023-11-01,8.71,8.71,8.71,8.71
1545,2023-10-31,8.71,8.71,8.71,8.71
1544,2023-10-30,8.71,8.71,8.71,8.71
1543,2023-10-27,8.71,8.71,8.71,8.71
1542,2023-10-26,8.71,8.71,8.71,8.71
1541,2023-10-25,8.71,8.71,8.71,8.71
1540,2023-10-24,8.71,8.71,8.71,8.71
1539,2023-10-23,8.71,8.71,8.71,8.71
1538,2023-10-20,8.71,8.71,8.71,8.71
1537,2023-10-19,8.71,8.71,8.71,8.71
1536,2023-10-18,8.71,8.71,8.71,8.71
1535,2023-10-17,8.71,8.71,8.71,8.71
1534,2023-10-16,8.71,8.71,8.71,8.71
1533,2023-10-13,8.71,8.71,8.71,8.71
1532,2023-10-12,8.71,8.71,8.71,8.71
1531,2023-10-11,8.71,8.71,8.71,8.71
1530,2023-10-10,8.71,8.71,8.71,8.71
1529,2023-10-09,8.71,8.71,8.71,8.71
1528,2023-10-06,8.71,8.71,8.71,8.71
1527,2023-10-05,8.71,8.71,8.71,8.71
1526,2023-10-04,8.71,8.71,8.71,8.71
1525,2023-10-03,8.71,8.71,8.71,8.71
1524,2023-10-02,8.71,8.71,8.71,8.71
1523,2023-09-29,8.71,8.71,8.71,8.71
1522,2023-09-28,8.71,8.71,8.71,8.71
1521,2023-09-27,8.71,8.71,8.71,8.71
1520,2023-09-26,8.71,8.71,8.71,8.71
1519,2023-09-25,8.71,8.71,8.71,8.71
1518,2023-09-22,8.71,8.71,8.71,8.71
1517,2023-09-21,8.71,8.71,8.71,8.71
1516,2023-09-20,8.71,8.71,8.71,8.71
1515,2023-09-19,8.71,8.71,8.71,8.71
1514,2023-09-18,8.71,8.71,8.71,8.71
1513,2023-09-15,8.71,8.71,8.71,8.71
1512,2023-09-14,8.71,8.71,8.71,8.71
1511,2023-09-13,8.71,8.71,8.71,8.71
1510,2023-09-12,8.71,8.71,8.71,8.71
1509,2023-09-11,8.71,8.71,8.71,8.71
1508,2023-09-08,8.71,8.71,8.71,8.71
1507,2023-09-07,8.71,8.71,8.71,8.71
1506,2023-09-06,8.71,8.71,8.71,8.71
1505,2023-09-05,8.71,8.71,8.71,8.71
1504,2023-08-31,8.71,8.71,8.71,8.71
1503,2023-08-30,8.71,8.71,8.71,8.71
1502,2023-08-29,8.71,8.71,8.71,8.71
1501,2023-08-28,8.71,8.71,8.71,8.71
1500,2023-08-25,8.71,8.71,8.71,8.71
1499,2023-08-24,8.71,8.71,8.71,8.71
1498,2023-08-23,8.71,8.71,8.71,8.71
1497,2023-08-22,8.71,8.71,8.71,8.71
1496,2023-08-21,8.71,8.71,8.71,8.71
1495,2023-08-18,8.71,8.71,8.71,8.71
1494,2023-08-17,8.71,8.71,8.71,8.71
1493,2023-08-16,8.71,8.71,8.71,8.71
1492,2023-08-15,8.71,8.71,8.71,8.71
1491,2023-08-14,8.71,8.71,8.71,8.71
1490,2023-08-11,8.71,8.71,8.71,8.71
1489,2023-08-10,8.71,8.71,8.71,8.71
1488,2023-08-09,8.71,8.71,8.71,8.71
1487,2023-08-08,8.71,8.71,8.71,8.71
1486,2023-08-07,8.71,8.71,8.71,8.71
1485,2023-08-04,8.71,8.71,8.71,8.71
1484,2023-08-03,8.71,8.71,8.71,8.71
1483,2023-08-02,8.71,8.71,8.71,8.71
1482,2023-08-01,8.71,8.71,8.71,8.71
1481,2023-07-31,8.71,8.71,8.71,8.71
1480,2023-07-28,8.71,8.71,8.71,8.71
1479,2023-07-27,8.71,8.71,8.71,8.71
1478,2023-07-26,8.71,8.71,8.71,8.71
1477,2023-07-25,8.71,8.71,8.71,8.71
1476,2023-07-24,8.71,8.71,8.71,8.71
1475,2023-07-21,8.71,8.71,8.71,8.71
1474,2023-07-20,8.71,8.71,8.71,8.71
1473,2023-07-19,8.71,8.71,8.71,8.71
1472,2023-07-18,8.71,8.71,8.71,8.71
1471,2023-07-17,8.71,8.71,8.71,8.71
1470,2023-07-14,8.71,8.71,8.71,8.71
1469,2023-07-13,8.71,8.71,8.71,8.71
1468,2023-07-12,8.71,8.71,8.71,8.71
1467,2023-07-11,8.71,8.71,8.71,8.71
1466,2023-07-10,8.71,8.71,8.71,8.71
1465,2023-07-07,8.71,8.71,8.71,8.71
1464,2023-07-06,8.71,8.71,8.71,8.71
1463,2023-07-05,8.71,8.71,8.71,8.71
1462,2023-07-04,8.71,8.71,8.71,8.71
1461,2023-07-03,8.71,8.71,8.71,8.71
1460,2023-06-30,8.71,8.71,8.71,8.71
1459,2023-06-29,8.71,8.71,8.71,8.71
1458,2023-06-28,8.71,8.71,8.71,8.71
1457,2023-06-27,8.71,8.71,8.71,8.71
1456,2023-06-26,8.71,8.71,8.71,8.71
1455,2023-06-23,8.71,8.71,8.71,8.71
1454,2023-06-22,8.71,8.71,8.71,8.71
1453,2023-06-21,8.71,8.71,8.71,8.71
1452,2023-06-20,8.71,8.71,8.71,8.71
1451,2023-06-19,8.71,8.71,8.71,8.71
1450,2023-06-16,8.71,8.71,8.71,8.71
1449,2023-06-15,6.1,11.32,6.1,11.32
1448,2023-06-14,8.1,8.1,8.1,8.1
1447,2023-06-13,8.1,8.1,8.1,8.1
1446,2023-06-12,8.1,8.1,8.1,8.1
1445,2023-06-09,8.1,8.1,8.1,8.1
1444,2023-06-08,8.1,8.1,8.1,8.1
1443,2023-06-07,8.1,8.1,8.1,8.1
1442,2023-06-06,8.1,8.1,8.1,8.1
1441,2023-06-05,8.1,8.1,8.1,8.1
1440,2023-06-02,8.1,8.1,8.1,8.1
1439,2023-06-01,8.1,8.1,8.1,8.1
1438,2023-05-31,8.1,8.1,8.1,8.1
1437,2023-05-30,8.1,8.1,8.1,8.1
1436,2023-05-29,8.1,8.1,8.1,8.1
1435,2023-05-26,8.1,8.1,8.1,8.1
1434,2023-05-25,8.1,8.1,8.1,8.1
1433,2023-05-24,8.1,8.1,8.1,8.1
1432,2023-05-23,8.1,8.1,8.1,8.1
1431,2023-05-22,8.08,8.08,8.08,8.08
1430,2023-05-19,8.08,8.08,8.08,8.08
1429,2023-05-18,8.08,8.08,8.08,8.08
1428,2023-05-17,8.08,8.08,8.08,8.08
1427,2023-05-16,8.08,8.08,8.08,8.08
1426,2023-05-15,8.08,8.08,8.08,8.08
1425,2023-05-12,8.08,8.08,8.08,8.08
1424,2023-05-11,8.08,8.08,8.08,8.08
1423,2023-05-10,8.08,8.08,8.08,8.08
1422,2023-05-09,8.08,8.08,8.08,8.08
1421,2023-05-08,8.08,8.08,8.08,8.08
1420,2023-05-05,8.08,8.08,8.08,8.08
1419,2023-05-04,8.08,8.08,8.08,8.08
1418,2023-04-28,8.08,8.08,8.08,8.08
1417,2023-04-27,8.08,8.08,8.08,8.08
1416,2023-04-26,8.08,8.08,8.08,8.08
1415,2023-04-25,8.08,8.08,8.08,8.08
1414,2023-04-24,8.08,8.08,8.08,8.08
1413,2023-04-21,8.08,8.08,8.08,8.08
1412,2023-04-20,8.08,8.08,8.08,8.08
1411,2023-04-19,8.08,8.08,8.08,8.08
1410,2023-04-18,8.08,8.08,8.08,8.08
1409,2023-04-17,8.08,8.08,8.08,8.08
1408,2023-04-14,8.08,8.08,8.08,8.08
1407,2023-04-13,8.08,8.08,8.08,8.08
1406,2023-04-12,8.08,8.08,8.08,8.08
1405,2023-04-11,8.08,8.08,8.08,8.08
1404,2023-04-10,8.08,8.08,8.08,8.08
1403,2023-04-07,8.08,8.08,8.08,8.08
1402,2023-04-06,8.08,8.08,8.08,8.08
1401,2023-04-05,8.08,8.08,8.08,8.08
1400,2023-04-04,8.08,8.08,8.08,8.08
1399,2023-04-03,8.08,8.08,8.08,8.08
1398,2023-03-31,8.08,8.08,8.08,8.08
1397,2023-03-30,8.08,8.08,8.08,8.08
1396,2023-03-29,8.08,8.08,8.08,8.08
1395,2023-03-28,8.08,8.08,8.08,8.08
1394,2023-03-27,8.08,8.08,8.08,8.08
1393,2023-03-24,8.08,8.08,8.08,8.08
1392,2023-03-23,8.08,8.08,8.08,8.08
1391,2023-03-22,8.08,8.08,8.08,8.08
1390,2023-03-21,8.08,8.08,8.08,8.08
1389,2023-03-20,8.08,8.08,8.08,8.08
1388,2023-03-17,8.08,8.08,8.08,8.08
1387,2023-03-16,8.08,8.08,8.08,8.08
1386,2023-03-15,8.08,8.08,8.08,8.08
1385,2023-03-14,8.08,8.08,8.08,8.08
1384,2023-03-13,8.08,8.08,8.08,8.08
1383,2023-03-10,8.08,8.08,8.08,8.08
1382,2023-03-09,8.08,8.08,8.08,8.08
1381,2023-03-08,8.08,8.08,8.08,8.08
1380,2023-03-07,8.08,8.08,8.08,8.08
1379,2023-03-06,8.08,8.08,8.08,8.08
1378,2023-03-03,8.08,8.08,8.08,8.08
1377,2023-03-02,8.08,8.08,8.08,8.08
1376,2023-03-01,8.08,8.08,8.08,8.08
1375,2023-02-28,8.08,8.08,8.08,8.08
1374,2023-02-27,8.08,8.08,8.08,8.08
1373,2023-02-24,8.08,8.08,8.08,8.08
1372,2023-02-23,8.08,8.08,8.08,8.08
1371,2023-02-22,8.08,8.08,8.08,8.08
1370,2023-02-21,8.08,8.08,8.08,8.08
1369,2023-02-20,8.08,8.08,8.08,8.08
1368,2023-02-17,8.08,8.08,8.08,8.08
1367,2023-02-16,8.08,8.08,8.08,8.08
1366,2023-02-15,8.08,8.08,8.08,8.08
1365,2023-02-14,8.08,8.08,8.08,8.08
1364,2023-02-13,8.08,8.08,8.08,8.08
1363,2023-02-10,8.08,8.08,8.08,8.08
1362,2023-02-09,8.08,8.08,8.08,8.08
1361,2023-02-08,8.08,8.08,8.08,8.08
1360,2023-02-07,8.08,8.08,8.08,8.08
1359,2023-02-06,8.08,8.08,8.08,8.08
1358,2023-02-03,8.08,8.08,8.08,8.08
1357,2023-02-02,8.08,8.08,8.08,8.08
1356,2023-02-01,8.08,8.08,8.08,8.08
1355,2023-01-31,8.08,8.08,8.08,8.08
1354,2023-01-30,8.08,8.08,8.08,8.08
1353,2023-01-27,8.08,8.08,8.08,8.08
1352,2023-01-19,8.08,8.08,8.08,8.08
1351,2023-01-18,8.08,8.08,8.08,8.08
1350,2023-01-17,8.08,8.08,8.08,8.08
1349,2023-01-16,8.08,8.08,8.08,8.08
1348,2023-01-13,8.08,8.08,8.08,8.08
1347,2023-01-12,8.08,8.08,8.08,8.08
1346,2023-01-11,8.08,8.08,8.08,8.08
1345,2023-01-10,8.08,8.08,8.08,8.08
1344,2023-01-09,8.08,8.08,8.08,8.08
1343,2023-01-06,8.08,8.08,8.08,8.08
1342,2023-01-05,8.08,8.08,8.08,8.08
1341,2023-01-04,8.08,8.08,8.08,8.08
1340,2023-01-03,8.08,8.08,8.08,8.08
1339,2022-12-30,8.08,8.08,8.08,8.08
1338,2022-12-29,8.08,8.08,8.08,8.08
1337,2022-12-28,8.08,8.08,8.08,8.08
1336,2022-12-27,8.08,8.08,8.08,8.08
1335,2022-12-26,8.08,8.08,8.08,8.08
1334,2022-12-23,8.08,8.08,8.08,8.08
1333,2022-12-22,8.08,8.08,8.08,8.08
1332,2022-12-21,8.08,8.08,8.08,8.08
1331,2022-12-20,8.1,8.1,8.1,8.1
1330,2022-12-19,8.1,8.1,8.1,8.1
1329,2022-12-16,8.1,8.1,8.1,8.1
1328,2022-12-15,8.1,8.1,8.1,8.1
1327,2022-12-14,8.1,8.1,8.1,8.1
1326,2022-12-13,8.1,8.1,8.1,8.1
1325,2022-12-12,8.1,8.1,8.1,8.1
1324,2022-12-09,8.1,8.1,8.1,8.1
1323,2022-12-08,8.1,8.1,8.1,8.1
1322,2022-12-07,8.1,8.1,8.1,8.1
1321,2022-12-06,8.1,8.1,8.1,8.1
1320,2022-12-05,8.1,8.1,8.1,8.1
1319,2022-12-02,8.1,8.1,8.1,8.1
1318,2022-12-01,8.1,8.1,8.1,8.1
1317,2022-11-30,8.1,8.1,8.1,8.1
1316,2022-11-29,8.1,8.1,8.1,8.1
1315,2022-11-28,8.1,8.1,8.1,8.1
1314,2022-11-25,8.1,8.1,8.1,8.1
1313,2022-11-24,8.1,8.1,8.1,8.1
1312,2022-11-23,8.1,8.1,8.1,8.1
1311,2022-11-22,8.1,8.1,8.1,8.1
1310,2022-11-21,8.1,8.1,8.1,8.1
1309,2022-11-18,8.1,8.1,8.1,8.1
1308,2022-11-17,8.1,8.1,8.1,8.1
1307,2022-11-16,8.1,8.1,8.1,8.1
1306,2022-11-15,8.1,8.1,8.1,8.1
1305,2022-11-14,8.1,8.1,8.1,8.1
1304,2022-11-11,8.1,8.1,8.1,8.1
1303,2022-11-10,8.1,8.1,8.1,8.1
1302,2022-11-09,8.1,8.1,8.1,8.1
1301,2022-11-08,8.1,8.1,8.1,8.1
1300,2022-11-07,8.1,8.1,8.1,8.1
1299,2022-11-04,8.1,8.1,8.1,8.1
1298,2022-11-03,8.1,8.1,8.1,8.1
1297,2022-11-02,8.1,8.1,8.1,8.1
1296,2022-11-01,8.1,8.1,8.1,8.1
1295,2022-10-31,8.1,8.1,8.1,8.1
1294,2022-10-28,8.1,8.1,8.1,8.1
1293,2022-10-27,8.1,8.1,8.1,8.1
1292,2022-10-26,8.1,8.1,8.1,8.1
1291,2022-10-25,8.1,8.1,8.1,8.1
1290,2022-10-24,8.1,8.1,8.1,8.1
1289,2022-10-21,8.1,8.1,8.1,8.1
1288,2022-10-20,8.1,8.1,8.1,8.1
1287,2022-10-19,8.1,8.1,8.1,8.1
1286,2022-10-18,8.1,8.1,8.1,8.1
1285,2022-10-17,8.1,8.1,8.1,8.1
1284,2022-10-14,8.1,8.1,8.1,8.1
1283,2022-10-13,8.1,8.1,8.1,8.1
1282,2022-10-12,8.1,8.1,8.1,8.1
1281,2022-10-11,8.1,8.1,8.1,8.1
1280,2022-10-10,8.1,8.1,8.1,8.1
1279,2022-10-07,8.1,8.1,8.1,8.1
1278,2022-10-06,8.1,8.1,8.1,8.1
1277,2022-10-05,8.1,8.1,8.1,8.1
1276,2022-10-04,8.1,8.1,8.1,8.1
1275,2022-10-03,8.1,8.1,8.1,8.1
1274,2022-09-30,8.1,8.1,8.1,8.1
1273,2022-09-29,8.1,8.1,8.1,8.1
1272,2022-09-28,8.1,8.1,8.1,8.1
1271,2022-09-27,8.1,8.1,8.1,8.1
1270,2022-09-26,8.1,8.1,8.1,8.1
1269,2022-09-23,8.1,8.1,8.1,8.1
1268,2022-09-22,8.1,8.1,8.1,8.1
1267,2022-09-21,8.1,8.1,8.1,8.1
1266,2022-09-20,8.1,8.1,8.1,8.1
1265,2022-09-19,8.1,8.1,8.1,8.1
1264,2022-09-16,8.1,8.1,8.1,8.1
1263,2022-09-15,8.1,8.1,8.1,8.1
1262,2022-09-14,8.1,8.1,8.1,8.1
1261,2022-09-13,8.1,8.1,8.1,8.1
1260,2022-09-12,8.1,8.1,8.1,8.1
1259,2022-09-09,8.1,8.1,8.1,8.1
1258,2022-09-08,8.1,8.1,8.1,8.1
1257,2022-09-07,8.1,8.1,8.1,8.1
1256,2022-09-06,8.1,8.1,8.1,8.1
1255,2022-09-05,8.1,8.1,8.1,8.1
1254,2022-08-31,8.1,8.1,8.1,8.1
1253,2022-08-30,8.1,8.1,8.1,8.1
1252,2022-08-29,8.1,8.1,8.1,8.1
1251,2022-08-26,8.1,8.1,8.1,8.1
1250,2022-08-25,8.1,8.1,8.1,8.1
1249,2022-08-24,8.1,8.1,8.1,8.1
1248,2022-08-23,8.1,8.1,8.1,8.1
1247,2022-08-22,8.1,8.1,8.1,8.1
1246,2022-08-19,8.1,8.1,8.1,8.1
1245,2022-08-18,8.1,8.1,8.1,8.1
1244,2022-08-17,8.1,8.1,8.1,8.1
1243,2022-08-16,8.1,8.1,8.1,8.1
1242,2022-08-15,8.1,8.1,8.1,8.1
1241,2022-08-12,8.1,8.1,8.1,8.1
1240,2022-08-11,8.1,8.1,8.1,8.1
1239,2022-08-10,8.1,8.1,8.1,8.1
1238,2022-08-09,8.1,8.1,8.1,8.1
1237,2022-08-08,8.1,8.1,8.1,8.1
1236,2022-08-05,8.1,8.1,8.1,8.1
1235,2022-08-04,8.1,8.1,8.1,8.1
1234,2022-08-03,8.1,8.1,8.1,8.1
1233,2022-08-02,8.1,8.1,8.1,8.1
1232,2022-08-01,8.1,8.1,8.1,8.1
1231,2022-07-29,8.1,8.1,8.1,8.1
1230,2022-07-28,8.1,8.1,8.1,8.1
1229,2022-07-27,8.1,8.1,8.1,8.1
1228,2022-07-26,8.1,8.1,8.1,8.1
1227,2022-07-25,8.1,8.1,8.1,8.1
1226,2022-07-22,8.1,8.1,8.1,8.1
1225,2022-07-21,8.1,8.1,8.1,8.1
1224,2022-07-20,8.1,8.1,8.1,8.1
1223,2022-07-19,8.1,8.1,8.1,8.1
1222,2022-07-18,8.1,8.1,8.1,8.1
1221,2022-07-15,8.1,8.1,8.1,8.1
1220,2022-07-14,8.1,8.1,8.1,8.1
1219,2022-07-13,8.1,8.1,8.1,8.1
1218,2022-07-12,8.1,8.1,8.1,8.1
1217,2022-07-11,8.1,8.1,8.1,8.1
1216,2022-07-08,8.1,8.1,8.1,8.1
1215,2022-07-07,8.1,8.1,8.1,8.1
1214,2022-07-06,8.1,8.1,8.1,8.1
1213,2022-07-05,8.1,8.1,8.1,8.1
1212,2022-07-04,8.1,8.1,8.1,8.1
1211,2022-07-01,8.1,8.1,8.1,8.1
1210,2022-06-30,8.1,8.1,8.1,8.1
1209,2022-06-29,8.1,8.1,8.1,8.1
1208,2022-06-28,8.1,8.1,8.1,8.1
1207,2022-06-27,8.1,8.1,8.1,8.1
1206,2022-06-24,8.1,8.1,8.1,8.1
1205,2022-06-23,8.1,8.1,8.1,8.1
1204,2022-06-22,8.1,8.1,8.1,8.1
1203,2022-06-21,8.1,8.1,8.1,8.1
1202,2022-06-20,8.1,8.1,8.1,8.1
1201,2022-06-17,8.1,8.1,8.1,8.1
1200,2022-06-16,8.1,8.1,8.1,8.1
1199,2022-06-15,8.1,8.1,8.1,8.1
1198,2022-06-14,8.1,8.1,8.1,8.1
1197,2022-06-13,8.1,8.1,8.1,8.1
1196,2022-06-10,8.1,8.1,8.1,8.1
1195,2022-06-09,8.1,8.1,8.1,8.1
1194,2022-06-08,8.1,8.1,8.1,8.1
1193,2022-06-07,8.1,8.1,8.1,8.1
1192,2022-06-06,8.1,8.1,8.1,8.1
1191,2022-06-03,8.1,8.1,8.1,8.1
1190,2022-06-02,8.1,8.1,8.1,8.1
1189,2022-06-01,8.1,8.1,8.1,8.1
1188,2022-05-31,8.1,8.1,8.1,8.1
1187,2022-05-30,8.1,8.1,8.1,8.1
1186,2022-05-27,8.1,8.1,8.1,8.1
1185,2022-05-26,8.1,8.1,8.1,8.1
1184,2022-05-25,8.1,8.1,8.1,8.1
1183,2022-05-24,8.1,8.1,8.1,8.1
1182,2022-05-23,8.1,8.1,8.1,8.1
1181,2022-05-20,8.1,8.1,8.1,8.1
1180,2022-05-19,8.1,8.1,8.1,8.1
1179,2022-05-18,8.1,8.1,8.1,8.1
1178,2022-05-17,8.1,8.1,8.1,8.1
1177,2022-05-16,8.1,8.1,8.1,8.1
1176,2022-05-13,8.1,8.1,8.1,8.1
1175,2022-05-12,8.1,8.1,8.1,8.1
1174,2022-05-11,8.1,8.1,8.1,8.1
1173,2022-05-10,8.1,8.1,8.1,8.1
1172,2022-05-09,8.1,8.1,8.1,8.1
1171,2022-05-06,8.1,8.1,8.1,8.1
1170,2022-05-05,8.1,8.1,8.1,8.1
1169,2022-05-04,8.02,8.18,8.02,8.02
1168,2022-04-29,7.14,7.14,7.14,7.14
1167,2022-04-28,7.14,7.14,7.14,7.14
1166,2022-04-27,6.41,6.41,5.45,6.41
1165,2022-04-26,6.41,6.41,6.41,6.41
1164,2022-04-25,6.41,6.41,6.41,6.41
1163,2022-04-22,6.41,6.41,6.41,6.41
1162,2022-04-21,6.41,6.41,6.41,6.41
1161,2022-04-20,6.41,6.41,6.41,6.41
1160,2022-04-19,6.41,6.41,6.41,6.41
1159,2022-04-18,6.41,6.41,6.41,6.41
1158,2022-04-15,6.41,6.41,6.41,6.41
1157,2022-04-14,6.41,6.41,6.41,6.41
1156,2022-04-13,8.02,8.02,8.02,8.02
1155,2022-04-12,8.02,8.02,8.02,8.02
1154,2022-04-08,8.02,8.02,8.02,8.02
1153,2022-04-07,8.02,8.02,8.02,8.02
1152,2022-04-06,8.02,8.02,8.02,8.02
1151,2022-04-05,8.02,8.02,8.02,8.02
1150,2022-04-04,8.02,8.02,8.02,8.02
1149,2022-04-01,8.02,8.02,8.02,8.02
1148,2022-03-31,8.02,8.02,8.02,8.02
1147,2022-03-30,8.02,8.02,8.02,8.02
1146,2022-03-29,8.02,8.02,8.02,8.02
1145,2022-03-28,8.02,8.02,8.02,8.02
1144,2022-03-25,8.02,8.02,8.02,8.02
1143,2022-03-24,8.02,8.02,8.02,8.02
1142,2022-03-23,8.02,8.02,8.02,8.02
1141,2022-03-22,8.02,8.02,8.02,8.02
1140,2022-03-21,8.02,8.02,8.02,8.02
1139,2022-03-18,8.02,8.02,8.02,8.02
1138,2022-03-17,8.02,8.02,8.02,8.02
1137,2022-03-16,8.02,8.02,8.02,8.02
1136,2022-03-15,8.02,8.02,8.02,8.02
1135,2022-03-14,8.02,8.02,8.02,8.02
1134,2022-03-11,8.02,8.02,8.02,8.02
1133,2022-03-10,8.02,8.02,8.02,8.02
1132,2022-03-09,8.02,8.02,8.02,8.02
1131,2022-03-08,8.02,8.02,8.02,8.02
1130,2022-03-07,8.02,8.02,8.02,8.02
1129,2022-03-04,8.02,8.02,8.02,8.02
1128,2022-03-03,8.02,8.02,8.02,8.02
1127,2022-03-02,8.02,8.02,8.02,8.02
1126,2022-03-01,8.02,8.02,8.02,8.02
1125,2022-02-28,8.02,8.02,8.02,8.02
1124,2022-02-25,8.02,8.02,8.02,8.02
1123,2022-02-24,8.02,8.02,8.02,8.02
1122,2022-02-23,8.02,8.02,8.02,8.02
1121,2022-02-22,8.02,8.02,8.02,8.02
1120,2022-02-21,8.02,8.02,8.02,8.02
1119,2022-02-18,8.02,8.02,8.02,8.02
1118,2022-02-17,8.02,8.02,8.02,8.02
1117,2022-02-16,8.02,8.02,8.02,8.02
1116,2022-02-15,8.02,8.02,8.02,8.02
1115,2022-02-14,8.02,8.02,8.02,8.02
1114,2022-02-11,8.02,8.02,8.02,8.02
1113,2022-02-10,8.02,8.02,8.02,8.02
1112,2022-02-09,8.02,8.02,8.02,8.02
1111,2022-02-08,8.02,8.02,8.02,8.02
1110,2022-02-07,8.02,8.02,8.02,8.02
1109,2022-01-28,8.02,8.02,8.02,8.02
1108,2022-01-27,8.02,8.02,8.02,8.02
1107,2022-01-26,8.02,8.02,8.02,8.02
1106,2022-01-25,8.02,8.02,8.02,8.02
1105,2022-01-24,8.02,8.02,8.02,8.02
1104,2022-01-21,8.02,8.02,8.02,8.02
1103,2022-01-20,8.02,8.02,8.02,8.02
1102,2022-01-19,8.02,8.02,8.02,8.02
1101,2022-01-18,8.02,8.02,8.02,8.02
1100,2022-01-17,8.02,8.02,8.02,8.02
1099,2022-01-14,8.02,8.02,8.02,8.02
1098,2022-01-13,8.02,8.02,8.02,8.02
1097,2022-01-12,8.02,8.02,8.02,8.02
1096,2022-01-11,8.02,8.02,8.02,8.02
1095,2022-01-10,8.02,8.02,8.02,8.02
1094,2022-01-07,8.02,8.02,8.02,8.02
1093,2022-01-06,8.02,8.02,8.02,8.02
1092,2022-01-05,8.02,8.02,8.02,8.02
1091,2022-01-04,8.02,8.02,8.02,8.02
1090,2021-12-31,8.02,8.02,8.02,8.02
1089,2021-12-30,8.02,8.02,8.02,8.02
1088,2021-12-29,8.02,8.02,8.02,8.02
1087,2021-12-28,8.02,8.02,8.02,8.02
1086,2021-12-27,8.02,8.02,8.02,8.02
1085,2021-12-24,8.02,8.02,8.02,8.02
1084,2021-12-23,8.02,8.02,8.02,8.02
1083,2021-12-22,8.02,8.02,8.02,8.02
1082,2021-12-21,8.02,8.02,8.02,8.02
1081,2021-12-20,8.02,8.02,8.02,8.02
1080,2021-12-17,8.02,8.02,8.02,8.02
1079,2021-12-16,8.02,8.02,8.02,8.02
1078,2021-12-15,8.02,8.02,8.02,8.02
1077,2021-12-14,8.02,8.02,8.02,8.02
1076,2021-12-13,8.02,8.02,8.02,8.02
1075,2021-12-10,8.02,8.02,8.02,8.02
1074,2021-12-09,8.02,8.02,8.02,8.02
1073,2021-12-08,8.02,8.02,8.02,8.02
1072,2021-12-07,8.02,8.02,8.02,8.02
1071,2021-12-06,8.02,8.02,8.02,8.02
1070,2021-12-03,8.02,8.02,8.02,8.02
1069,2021-12-02,8.02,8.02,8.02,8.02
1068,2021-12-01,8.02,8.02,8.02,8.02
1067,2021-11-30,8.02,8.02,8.02,8.02
1066,2021-11-29,8.02,8.02,8.02,8.02
1065,2021-11-26,8.02,8.02,8.02,8.02
1064,2021-11-25,8.02,8.02,8.02,8.02
1063,2021-11-24,8.02,8.02,8.02,8.02
1062,2021-11-23,8.02,8.02,8.02,8.02
1061,2021-11-22,8.02,8.02,8.02,8.02
1060,2021-11-19,8.02,8.02,8.02,8.02
1059,2021-11-18,8.02,8.02,8.02,8.02
1058,2021-11-17,8.02,8.02,8.02,8.02
1057,2021-11-16,8.02,8.02,8.02,8.02
1056,2021-11-15,8.02,8.02,8.02,8.02
1055,2021-11-12,8.02,8.02,8.02,8.02
1054,2021-11-11,8.02,8.02,8.02,8.02
1053,2021-11-10,8.02,8.02,8.02,8.02
1052,2021-11-09,8.02,8.02,8.02,8.02
1051,2021-11-08,8.02,8.02,8.02,8.02
1050,2021-11-05,9.22,9.22,9.22,9.22
1049,2021-11-04,9.22,9.22,9.22,9.22
1048,2021-11-03,9.22,9.22,9.22,9.22
1047,2021-11-02,9.22,9.22,9.22,9.22
1046,2021-11-01,9.22,9.22,9.22,9.22
1045,2021-10-29,9.22,9.22,9.22,9.22
1044,2021-10-28,9.38,9.38,9.38,9.38
1043,2021-10-27,9.38,9.38,9.38,9.38
1042,2021-10-26,9.38,9.38,9.38,9.38
1041,2021-10-25,9.38,9.38,9.38,9.38
1040,2021-10-22,9.38,9.38,9.38,9.38
1039,2021-10-21,9.38,9.38,9.38,9.38
1038,2021-10-20,9.38,9.38,9.38,9.38
1037,2021-10-19,9.38,9.38,9.38,9.38
1036,2021-10-18,9.38,9.38,9.38,9.38
1035,2021-10-15,9.38,9.38,9.38,9.38
1034,2021-10-14,9.38,9.38,9.38,9.38
1033,2021-10-13,9.38,9.38,9.38,9.38
1032,2021-10-12,9.38,9.38,9.38,9.38
1031,2021-10-11,9.38,9.38,9.38,9.38
1030,2021-10-08,9.38,9.38,9.38,9.38
1029,2021-10-07,9.38,9.38,9.38,9.38
1028,2021-10-06,9.38,9.38,9.38,9.38
1027,2021-10-05,9.38,9.38,9.38,9.38
1026,2021-10-04,9.38,9.38,9.38,9.38
1025,2021-10-01,9.38,9.38,9.38,9.38
1024,2021-09-30,9.38,9.38,9.38,9.38
1023,2021-09-29,9.38,9.38,9.38,9.38
1022,2021-09-28,9.38,9.38,9.38,9.38
1021,2021-09-27,9.38,9.38,9.38,9.38
1020,2021-09-24,9.38,9.38,9.38,9.38
1019,2021-09-23,9.38,9.38,9.38,9.38
1018,2021-09-22,9.38,9.38,9.38,9.38
1017,2021-09-21,9.38,9.38,9.38,9.38
1016,2021-09-20,9.38,9.38,9.38,9.38
1015,2021-09-17,9.38,9.38,9.38,9.38
1014,2021-09-16,9.38,9.38,9.38,9.38
1013,2021-09-15,9.38,9.38,9.38,9.38
1012,2021-09-14,9.38,9.38,9.38,9.38
1011,2021-09-13,9.38,9.38,9.38,9.38
1010,2021-09-10,9.38,9.38,9.38,9.38
1009,2021-09-09,9.38,9.38,9.38,9.38
1008,2021-09-08,9.38,9.38,9.38,9.38
1007,2021-09-07,9.38,9.62,9.62,9.62
1006,2021-09-06,9.38,9.62,9.62,9.62
1005,2021-09-01,9.38,9.38,9.38,9.38
1004,2021-08-31,9.38,9.38,9.38,9.38
1003,2021-08-30,9.38,9.38,9.38,9.38
1002,2021-08-27,9.38,9.38,9.38,9.38
1001,2021-08-26,9.38,9.62,9.62,9.62
1000,2021-08-25,9.38,9.62,9.62,9.62
999,2021-08-24,9.38,9.62,9.62,9.62
998,2021-08-23,9.38,9.62,9.62,9.62
997,2021-08-20,9.38,9.38,9.38,9.38
996,2021-08-19,9.38,9.62,9.62,9.62
995,2021-08-18,9.38,9.62,9.62,9.62
994,2021-08-17,9.38,9.62,9.62,9.62
993,2021-08-16,9.38,9.62,9.62,9.62
992,2021-08-13,9.38,9.62,9.62,9.62
991,2021-08-12,9.38,9.62,9.62,9.62
990,2021-08-11,9.38,9.62,9.62,9.62
989,2021-08-10,9.38,9.62,9.62,9.62
988,2021-08-09,9.38,9.62,9.62,9.62
987,2021-08-06,9.38,9.62,9.62,9.62
986,2021-08-05,9.38,9.62,9.62,9.62
985,2021-08-04,9.38,9.62,9.62,9.62
984,2021-08-03,9.38,9.62,9.62,9.62
983,2021-08-02,9.38,9.38,9.38,9.38
982,2021-07-30,9.38,9.62,9.62,9.62
981,2021-07-29,9.38,9.62,9.62,9.62
980,2021-07-28,9.38,9.62,9.62,9.62
979,2021-07-27,9.38,9.62,9.62,9.62
978,2021-07-26,9.38,9.62,9.62,9.62
977,2021-07-23,9.38,9.62,9.62,9.62
976,2021-07-22,9.38,9.62,9.62,9.62
975,2021-07-21,9.38,9.62,9.62,9.62
974,2021-07-20,9.38,9.62,9.62,9.62
973,2021-07-19,9.38,9.62,9.62,9.62
972,2021-07-16,9.38,9.62,9.62,9.62
971,2021-07-15,9.38,9.62,9.62,9.62
970,2021-07-14,9.38,9.62,9.62,9.62
969,2021-07-13,9.38,9.62,9.62,9.62
968,2021-07-12,9.38,9.62,9.62,9.62
967,2021-07-09,9.38,9.62,9.62,9.62
966,2021-07-08,9.38,9.62,9.62,9.62
965,2021-07-07,9.38,9.62,9.62,9.62
964,2021-07-06,9.38,9.62,9.62,9.62
963,2021-07-05,9.38,9.62,9.62,9.62
962,2021-07-02,9.38,9.62,9.62,9.62
961,2021-07-01,9.38,9.62,9.62,9.62
960,2021-06-30,9.38,9.62,9.62,9.62
959,2021-06-29,9.38,9.62,9.62,9.62
958,2021-06-28,9.38,9.62,9.62,9.62
957,2021-06-25,9.38,9.62,9.62,9.62
956,2021-06-24,9.38,9.62,9.62,9.62
955,2021-06-23,9.38,9.62,9.62,9.62
954,2021-06-22,9.38,9.62,9.62,9.62
953,2021-06-21,9.38,9.62,9.62,9.62
952,2021-06-18,9.38,9.62,9.62,9.62
951,2021-06-17,9.38,9.62,9.62,9.62
950,2021-06-16,9.38,9.62,9.62,9.62
949,2021-06-15,9.38,9.62,9.62,9.62
948,2021-06-14,9.38,9.62,9.62,9.62
947,2021-06-11,9.38,9.38,9.38,9.38
946,2021-06-10,9.38,9.38,9.38,9.38
945,2021-06-09,9.38,9.38,9.38,9.38
944,2021-06-08,9.38,9.38,9.38,9.38
943,2021-06-07,9.38,9.38,9.38,9.38
942,2021-06-04,9.38,9.38,9.38,9.38
941,2021-06-03,9.38,9.38,9.38,9.38
940,2021-06-02,9.38,9.38,9.38,9.38
939,2021-06-01,9.38,9.38,9.38,9.38
938,2021-05-31,9.38,9.38,9.38,9.38
937,2021-05-28,9.38,9.38,9.38,9.38
936,2021-05-27,9.38,9.38,9.38,9.38
935,2021-05-26,9.38,9.38,9.38,9.38
934,2021-05-25,9.38,9.38,9.38,9.38
933,2021-05-24,9.38,9.38,9.38,9.38
932,2021-05-21,9.38,9.38,9.38,9.38
931,2021-05-20,9.38,9.38,9.38,9.38
930,2021-05-19,9.38,9.38,9.38,9.38
929,2021-05-18,9.38,9.38,9.38,9.38
928,2021-05-17,9.38,9.38,9.38,9.38
927,2021-05-14,9.38,9.38,9.38,9.38
926,2021-05-13,9.38,9.38,9.38,9.38
925,2021-05-12,9.38,9.38,9.38,9.38
924,2021-05-11,9.38,9.38,9.38,9.38
923,2021-05-10,9.38,9.38,9.38,9.38
922,2021-05-07,9.38,9.38,9.38,9.38
921,2021-05-06,9.38,9.38,9.38,9.38
920,2021-05-05,9.38,9.38,9.38,9.38
919,2021-05-04,9.38,9.38,9.38,9.38
918,2021-04-29,9.38,9.38,9.38,9.38
917,2021-04-28,9.38,9.38,9.38,9.38
916,2021-04-27,9.38,9.38,9.38,9.38
915,2021-04-26,9.38,9.38,9.38,9.38
914,2021-04-23,9.38,9.38,9.38,9.38
913,2021-04-22,9.38,9.38,9.38,9.38
912,2021-04-20,9.38,9.38,9.38,9.38
911,2021-04-19,9.38,9.38,9.38,9.38
910,2021-04-16,9.38,9.38,9.38,9.38
909,2021-04-15,9.38,9.38,9.38,9.38
908,2021-04-14,9.38,9.38,9.38,9.38
907,2021-04-13,9.38,9.38,9.38,9.38
906,2021-04-12,9.38,9.38,9.38,9.38
905,2021-04-09,9.38,9.38,9.38,9.38
904,2021-04-08,9.38,9.38,9.38,9.38
903,2021-04-07,9.38,9.38,9.38,9.38
902,2021-04-06,9.38,9.38,9.38,9.38
901,2021-04-05,9.38,9.38,9.38,9.38
900,2021-04-02,9.38,9.38,9.38,9.38
899,2021-04-01,9.38,9.38,9.38,9.38
898,2021-03-31,9.38,9.38,9.38,9.38
897,2021-03-30,9.38,9.38,9.38,9.38
896,2021-03-29,9.38,9.38,9.38,9.38
895,2021-03-26,9.38,9.38,9.38,9.38
894,2021-03-25,9.38,9.38,9.38,9.38
893,2021-03-24,9.38,9.38,9.38,9.38
892,2021-03-23,9.38,9.38,9.38,9.38
891,2021-03-22,9.38,9.38,9.38,9.38
890,2021-03-19,9.38,9.38,9.38,9.38
889,2021-03-18,9.38,9.38,9.38,9.38
888,2021-03-17,9.38,9.38,9.38,9.38
887,2021-03-16,9.38,9.38,9.38,9.38
886,2021-03-15,9.38,9.38,9.38,9.38
885,2021-03-12,9.38,9.38,9.38,9.38
884,2021-03-11,9.38,9.38,9.38,9.38
883,2021-03-10,9.38,9.38,9.38,9.38
882,2021-03-09,9.38,9.38,9.38,9.38
881,2021-03-08,9.38,9.38,9.38,9.38
880,2021-03-05,9.38,9.38,9.38,9.38
879,2021-03-04,9.38,9.38,9.38,9.38
878,2021-03-03,9.38,9.38,9.38,9.38
877,2021-03-02,9.38,9.38,9.38,9.38
876,2021-03-01,9.38,9.38,9.38,9.38
875,2021-02-26,9.38,9.38,9.38,9.38
874,2021-02-25,9.38,9.38,9.38,9.38
873,2021-02-24,9.38,9.38,9.38,9.38
872,2021-02-23,9.38,9.38,9.38,9.38
871,2021-02-22,9.38,9.38,9.38,9.38
870,2021-02-19,9.38,9.38,9.38,9.38
869,2021-02-18,9.38,9.38,9.38,9.38
868,2021-02-17,9.38,9.38,9.38,9.38
867,2021-02-09,9.38,9.38,9.38,9.38
866,2021-02-08,9.38,9.38,9.38,9.38
865,2021-02-05,9.38,9.38,9.38,9.38
864,2021-02-04,9.38,9.38,9.38,9.38
863,2021-02-03,9.38,9.38,9.38,9.38
862,2021-02-02,9.38,9.38,9.38,9.38
861,2021-02-01,9.38,9.38,9.38,9.38
860,2021-01-29,9.38,9.38,9.38,9.38
859,2021-01-28,9.38,9.38,9.38,9.38
858,2021-01-27,9.38,9.38,9.38,9.38
857,2021-01-26,9.38,9.38,9.38,9.38
856,2021-01-25,9.38,9.38,9.38,9.38
855,2021-01-22,9.38,9.38,9.38,9.38
854,2021-01-21,9.38,9.38,9.38,9.38
853,2021-01-20,9.38,9.38,9.38,9.38
852,2021-01-19,9.38,9.38,9.38,9.38
851,2021-01-18,9.38,9.38,9.38,9.38
850,2021-01-15,9.38,9.38,9.38,9.38
849,2021-01-14,9.38,9.38,9.38,9.38
848,2021-01-13,9.38,9.38,9.38,9.38
847,2021-01-12,9.38,9.38,9.38,9.38
846,2021-01-11,9.38,9.38,9.38,9.38
845,2021-01-08,9.38,9.38,9.38,9.38
844,2021-01-07,9.38,9.38,9.38,9.38
843,2021-01-06,9.38,9.38,9.38,9.38
842,2021-01-05,9.38,9.38,9.38,9.38
841,2021-01-04,9.38,9.38,9.38,9.38
840,2020-12-31,9.38,9.38,9.38,9.38
839,2020-12-30,9.38,9.38,9.38,9.38
838,2020-12-29,9.38,9.38,9.38,9.38
837,2020-12-28,9.38,9.38,9.38,9.38
836,2020-12-25,9.38,9.38,9.38,9.38
835,2020-12-24,9.38,9.38,9.38,9.38
834,2020-12-23,9.38,9.38,9.38,9.38
833,2020-12-22,9.38,9.38,9.38,9.38
832,2020-12-21,9.38,9.38,9.38,9.38
831,2020-12-18,9.38,9.38,9.38,9.38
830,2020-12-17,9.38,9.38,9.38,9.38
829,2020-12-16,9.38,9.38,9.38,9.38
828,2020-12-15,9.38,9.38,9.38,9.38
827,2020-12-14,9.38,9.38,9.38,9.38
826,2020-12-11,9.38,9.38,9.38,9.38
825,2020-12-10,9.38,9.38,9.38,9.38
824,2020-12-09,9.38,9.38,9.38,9.38
823,2020-12-08,9.38,9.38,9.38,9.38
822,2020-12-07,9.38,9.38,9.38,9.38
821,2020-12-04,9.38,9.38,9.38,9.38
820,2020-12-03,9.38,9.38,9.38,9.38
819,2020-12-02,9.38,9.38,9.38,9.38
818,2020-12-01,9.38,9.38,9.38,9.38
817,2020-11-30,9.38,9.38,9.38,9.38
816,2020-11-27,9.38,9.38,9.38,9.38
815,2020-11-26,9.38,9.38,9.38,9.38
814,2020-11-25,9.38,9.38,9.38,9.38
813,2020-11-24,9.38,9.38,9.38,9.38
812,2020-11-23,9.38,9.38,9.38,9.38
811,2020-11-20,9.38,9.38,9.38,9.38
810,2020-11-19,9.38,9.38,9.38,9.38
809,2020-11-18,9.38,9.38,9.38,9.38
808,2020-11-17,9.38,9.38,9.38,9.38
807,2020-11-16,9.38,9.38,9.38,9.38
806,2020-11-13,9.38,9.38,9.38,9.38
805,2020-11-12,9.38,9.38,9.38,9.38
804,2020-11-11,9.38,9.38,9.38,9.38
803,2020-11-10,9.38,9.38,9.38,9.38
802,2020-11-09,9.38,9.38,9.38,9.38
801,2020-11-06,9.38,9.38,9.38,9.38
800,2020-11-05,9.38,9.38,9.38,9.38
799,2020-11-04,9.38,9.38,9.38,9.38
798,2020-11-03,9.38,9.38,9.38,9.38
797,2020-11-02,9.38,9.38,9.38,9.38
796,2020-10-30,9.38,9.38,9.38,9.38
795,2020-10-29,9.38,9.38,9.38,9.38
794,2020-10-28,9.38,9.38,9.38,9.38
793,2020-10-27,9.38,9.38,9.38,9.38
792,2020-10-26,9.38,9.38,9.38,9.38
791,2020-10-23,9.38,9.38,9.38,9.38
790,2020-10-22,9.38,9.38,9.38,9.38
789,2020-10-21,9.38,9.38,9.38,9.38
788,2020-10-20,9.38,9.38,9.38,9.38
787,2020-10-19,9.38,9.38,9.38,9.38
786,2020-10-16,9.38,9.38,9.38,9.38
785,2020-10-15,9.38,9.38,9.38,9.38
784,2020-10-14,9.38,9.38,9.38,9.38
783,2020-10-13,9.38,9.38,9.38,9.38
782,2020-10-12,9.38,9.38,9.38,9.38
781,2020-10-09,9.38,9.38,9.38,9.38
780,2020-10-08,9.38,9.38,9.38,9.38
779,2020-10-07,9.38,9.38,9.38,9.38
778,2020-10-06,9.38,9.38,9.38,9.38
777,2020-10-05,9.38,9.38,9.38,9.38
776,2020-10-02,9.38,9.38,9.38,9.38
775,2020-10-01,9.38,9.38,9.38,9.38
774,2020-09-30,9.38,9.38,9.38,9.38
773,2020-09-29,9.38,9.38,9.38,9.38
772,2020-09-28,9.38,9.38,9.38,9.38
771,2020-09-25,9.38,9.38,9.38,9.38
770,2020-09-24,9.38,9.38,9.38,9.38
769,2020-09-23,9.38,9.38,9.38,9.38
768,2020-09-22,9.38,9.38,9.38,9.38
767,2020-09-21,9.38,9.38,9.38,9.38
766,2020-09-18,9.38,9.38,9.38,9.38
765,2020-09-17,9.38,9.38,9.38,9.38
764,2020-09-16,9.38,9.38,9.38,9.38
763,2020-09-15,9.38,9.38,9.38,9.38
762,2020-09-14,9.38,9.38,9.38,9.38
761,2020-09-11,9.38,9.38,9.38,9.38
760,2020-09-10,9.38,9.38,9.38,9.38
759,2020-09-09,9.38,9.38,9.38,9.38
758,2020-09-08,9.38,9.38,9.38,9.38
757,2020-09-07,9.38,9.38,9.38,9.38
756,2020-09-04,9.38,9.38,9.38,9.38
755,2020-09-03,9.38,9.38,9.38,9.38
754,2020-09-01,9.38,9.38,9.38,9.38
753,2020-08-31,9.38,9.38,9.38,9.38
752,2020-08-28,9.38,9.38,9.38,9.38
751,2020-08-27,9.38,9.38,9.38,9.38
750,2020-08-26,9.38,9.38,9.38,9.38
749,2020-08-25,9.38,9.38,9.38,9.38
748,2020-08-24,9.38,9.38,9.38,9.38
747,2020-08-21,9.38,9.38,9.38,9.38
746,2020-08-20,9.38,9.38,9.38,9.38
745,2020-08-19,9.38,9.38,9.38,9.38
744,2020-08-18,9.38,9.38,9.38,9.38
743,2020-08-17,9.38,9.38,9.38,9.38
742,2020-08-14,9.38,9.38,9.38,9.38
741,2020-08-13,9.38,9.38,9.38,9.38
740,2020-08-12,9.38,9.38,9.38,9.38
739,2020-08-11,9.38,9.38,9.38,9.38
738,2020-08-10,7.11,7.11,7.11,7.11
737,2020-08-07,7.11,7.11,7.11,7.11
736,2020-08-06,7.11,7.11,7.11,7.11
735,2020-08-05,7.11,7.11,7.11,7.11
734,2020-08-04,7.11,7.11,7.11,7.11
733,2020-08-03,7.11,7.11,7.11,7.11
732,2020-07-31,7.11,7.11,7.11,7.11
731,2020-07-30,7.11,7.11,7.11,7.11
730,2020-07-29,7.11,7.11,7.11,7.11
729,2020-07-28,7.11,7.11,7.11,7.11
728,2020-07-27,7.11,7.11,7.11,7.11
727,2020-07-24,7.11,7.11,7.11,7.11
726,2020-07-23,7.11,7.11,7.11,7.11
725,2020-07-22,7.11,7.11,7.11,7.11
724,2020-07-21,7.11,7.11,7.11,7.11
723,2020-07-20,7.11,7.11,7.11,7.11
722,2020-07-17,7.11,7.11,7.11,7.11
721,2020-07-16,7.11,7.11,7.11,7.11
720,2020-07-15,7.11,7.11,7.11,7.11
719,2020-07-14,7.11,7.11,7.11,7.11
718,2020-07-13,7.11,7.11,7.11,7.11
717,2020-07-10,7.11,7.11,7.11,7.11
716,2020-07-09,7.11,7.11,7.11,7.11
715,2020-07-08,7.11,7.11,7.11,7.11
714,2020-07-07,7.11,7.11,7.11,7.11
713,2020-07-06,7.11,7.11,7.11,7.11
712,2020-07-03,7.11,7.11,7.11,7.11
711,2020-07-02,7.11,7.11,7.11,7.11
710,2020-07-01,7.11,7.11,7.11,7.11
709,2020-06-30,7.11,7.11,7.11,7.11
708,2020-06-29,7.11,7.11,7.11,7.11
707,2020-06-26,7.11,7.11,7.11,7.11
706,2020-06-25,7.11,7.11,7.11,7.11
705,2020-06-24,7.11,7.11,7.11,7.11
704,2020-06-23,7.11,7.11,7.11,7.11
703,2020-06-22,7.11,7.11,7.11,7.11
702,2020-06-19,7.11,7.11,7.11,7.11
701,2020-06-18,7.11,7.11,7.11,7.11
700,2020-06-17,7.11,7.11,7.11,7.11
699,2020-06-16,7.11,7.11,7.11,7.11
698,2020-06-15,7.11,7.11,7.11,7.11
697,2020-06-12,7.11,7.11,7.11,7.11
696,2020-06-11,7.11,7.11,7.11,7.11
695,2020-06-10,7.11,7.11,7.11,7.11
694,2020-06-09,7.11,7.11,7.11,7.11
693,2020-06-08,7.11,7.11,7.11,7.11
692,2020-06-05,7.11,7.11,7.11,7.11
691,2020-06-04,7.11,7.11,7.11,7.11
690,2020-06-03,7.11,7.11,7.11,7.11
689,2020-06-02,7.11,7.11,7.11,7.11
688,2020-06-01,7.11,7.11,7.11,7.11
687,2020-05-29,7.11,7.11,7.11,7.11
686,2020-05-28,7.11,7.11,7.11,7.11
685,2020-05-27,7.11,7.11,7.11,7.11
684,2020-05-26,7.11,7.11,7.11,7.11
683,2020-05-25,7.11,7.11,7.11,7.11
682,2020-05-22,7.11,7.11,7.11,7.11
681,2020-05-21,7.11,7.11,7.11,7.11
680,2020-05-20,7.11,7.11,7.11,7.11
679,2020-05-19,7.11,7.11,7.11,7.11
678,2020-05-18,7.11,7.11,7.11,7.11
677,2020-05-15,7.11,7.11,7.11,7.11
676,2020-05-14,7.11,7.11,7.11,7.11
675,2020-05-13,7.11,7.11,7.11,7.11
674,2020-05-12,7.11,7.11,7.11,7.11
673,2020-05-11,7.11,7.11,7.11,7.11
672,2020-05-08,7.11,7.11,7.11,7.11
671,2020-05-07,7.11,7.11,7.11,7.11
670,2020-05-06,7.11,7.11,7.11,7.11
669,2020-05-05,7.11,7.11,7.11,7.11
668,2020-05-04,7.11,7.11,7.11,7.11
667,2020-04-29,7.11,7.11,7.11,7.11
666,2020-04-28,7.11,7.11,7.11,7.11
665,2020-04-27,7.11,7.11,7.11,7.11
664,2020-04-24,7.11,7.11,7.11,7.11
663,2020-04-23,7.11,7.11,7.11,7.11
662,2020-04-22,7.11,7.11,7.11,7.11
661,2020-04-21,7.11,7.11,7.11,7.11
660,2020-04-20,7.11,7.11,7.11,7.11
659,2020-04-17,7.11,7.11,7.11,7.11
658,2020-04-16,7.11,7.11,7.11,7.11
657,2020-04-15,7.11,7.11,7.11,7.11
656,2020-04-14,7.11,7.11,7.11,7.11
655,2020-04-13,7.11,7.11,7.11,7.11
654,2020-04-10,7.11,7.11,7.11,7.11
653,2020-04-09,7.11,7.11,7.11,7.11
652,2020-04-08,7.11,7.11,7.11,7.11
651,2020-04-07,7.11,7.11,7.11,7.11
650,2020-04-06,7.11,7.11,7.11,7.11
649,2020-04-03,7.11,7.11,7.11,7.11
648,2020-04-01,7.11,7.11,7.11,7.11
647,2020-03-31,7.11,7.11,7.11,7.11
646,2020-03-30,7.11,7.11,7.11,7.11
645,2020-03-27,7.11,7.11,7.11,7.11
644,2020-03-26,7.11,7.11,7.11,7.11
643,2020-03-25,7.11,7.11,7.11,7.11
642,2020-03-24,7.11,7.11,7.11,7.11
641,2020-03-23,7.11,7.11,7.11,7.11
640,2020-03-20,7.11,7.11,7.11,7.11
639,2020-03-19,7.11,7.11,7.11,7.11
638,2020-03-18,7.11,7.11,7.11,7.11
637,2020-03-17,7.11,7.11,7.11,7.11
636,2020-03-16,7.11,7.11,7.11,7.11
635,2020-03-13,7.11,7.11,7.11,7.11
634,2020-03-12,7.11,7.11,7.11,7.11
633,2020-03-11,7.11,7.11,7.11,7.11
632,2020-03-10,7.11,7.11,7.11,7.11
631,2020-03-09,7.11,7.11,7.11,7.11
630,2020-03-06,7.11,7.11,7.11,7.11
629,2020-03-05,7.11,7.11,7.11,7.11
628,2020-03-04,7.11,7.11,7.11,7.11
627,2020-03-03,7.11,7.11,7.11,7.11
626,2020-03-02,7.11,7.11,7.11,7.11
625,2020-02-28,7.11,7.11,7.11,7.11
624,2020-02-27,7.11,7.11,7.11,7.11
623,2020-02-26,7.11,7.11,7.11,7.11
622,2020-02-25,7.11,7.11,7.11,7.11
621,2020-02-24,7.11,7.11,7.11,7.11
620,2020-02-21,7.11,7.11,7.11,7.11
619,2020-02-20,7.11,7.11,7.11,7.11
618,2020-02-19,7.11,7.11,7.11,7.11
617,2020-02-18,7.11,7.11,7.11,7.11
616,2020-02-17,7.11,7.11,7.11,7.11
615,2020-02-14,7.11,7.11,7.11,7.11
614,2020-02-13,7.11,7.11,7.11,7.11
613,2020-02-12,7.11,7.11,7.11,7.11
612,2020-02-11,7.11,7.11,7.11,7.11
611,2020-02-10,7.11,7.11,7.11,7.11
610,2020-02-07,7.11,7.11,7.11,7.11
609,2020-02-06,7.11,7.11,7.11,7.11
608,2020-02-05,7.11,7.11,7.11,7.11
607,2020-02-04,7.11,7.11,7.11,7.11
606,2020-02-03,7.11,7.11,7.11,7.11
605,2020-01-31,7.11,7.11,7.11,7.11
604,2020-01-30,7.11,7.11,7.11,7.11
603,2020-01-22,7.11,7.11,7.11,7.11
602,2020-01-21,7.11,7.11,7.11,7.11
601,2020-01-20,7.11,7.11,7.11,7.11
600,2020-01-17,7.11,7.11,7.11,7.11
599,2020-01-16,7.11,7.11,7.11,7.11
598,2020-01-15,7.11,7.11,7.11,7.11
597,2020-01-14,7.11,7.11,7.11,7.11
596,2020-01-13,7.11,7.11,7.11,7.11
595,2020-01-10,7.11,7.11,7.11,7.11
594,2020-01-09,7.11,7.11,7.11,7.11
593,2020-01-08,7.11,7.11,7.11,7.11
592,2020-01-07,7.11,7.11,7.11,7.11
591,2020-01-06,7.11,7.11,7.11,7.11
590,2020-01-03,7.11,7.11,7.11,7.11
589,2020-01-02,7.11,7.11,7.11,7.11
588,2019-12-31,7.11,7.11,7.11,7.11
587,2019-12-30,7.11,7.11,7.11,7.11
586,2019-12-27,7.11,7.11,7.11,7.11
585,2019-12-26,7.11,7.11,7.11,7.11
584,2019-12-25,7.11,7.11,7.11,7.11
583,2019-12-24,7.11,7.11,7.11,7.11
582,2019-12-23,7.11,7.11,7.11,7.11
581,2019-12-20,7.11,7.11,7.11,7.11
580,2019-12-19,7.11,7.11,7.11,7.11
579,2019-12-18,7.11,7.11,7.11,7.11
578,2019-12-17,7.11,7.11,7.11,7.11
577,2019-12-16,7.11,7.11,7.11,7.11
576,2019-12-13,7.11,7.11,7.11,7.11
575,2019-12-12,7.11,7.11,7.11,7.11
574,2019-12-11,7.11,7.11,7.11,7.11
573,2019-12-10,7.11,7.11,7.11,7.11
572,2019-12-09,7.11,7.11,7.11,7.11
571,2019-12-06,7.11,7.11,7.11,7.11
570,2019-12-05,7.11,7.11,7.11,7.11
569,2019-12-04,7.11,7.11,7.11,7.11
568,2019-12-03,7.11,7.11,7.11,7.11
567,2019-12-02,7.11,7.11,7.11,7.11
566,2019-11-29,7.11,7.11,7.11,7.11
565,2019-11-28,7.11,7.11,7.11,7.11
564,2019-11-27,7.11,7.11,7.11,7.11
563,2019-11-26,7.11,7.11,7.11,7.11
562,2019-11-25,7.11,7.11,7.11,7.11
561,2019-11-22,7.11,7.11,7.11,7.11
560,2019-11-21,7.11,7.11,7.11,7.11
559,2019-11-20,7.11,7.11,7.11,7.11
558,2019-11-19,7.11,7.11,7.11,7.11
557,2019-11-18,7.11,7.11,7.11,7.11
556,2019-11-15,7.11,7.11,7.11,7.11
555,2019-11-14,7.11,7.11,7.11,7.11
554,2019-11-13,7.11,7.11,7.11,7.11
553,2019-11-12,7.11,7.11,7.11,7.11
552,2019-11-11,7.11,7.11,7.11,7.11
551,2019-11-08,7.11,7.11,7.11,7.11
550,2019-11-07,7.11,7.11,7.11,7.11
549,2019-11-06,7.11,7.11,7.11,7.11
548,2019-11-05,7.11,7.11,7.11,7.11
547,2019-11-04,7.11,7.11,7.11,7.11
546,2019-11-01,7.11,7.11,7.11,7.11
545,2019-10-31,7.11,7.11,7.11,7.11
544,2019-10-30,7.11,7.11,7.11,7.11
543,2019-10-29,7.11,7.11,7.11,7.11
542,2019-10-28,7.11,7.11,7.11,7.11
541,2019-10-25,7.11,7.11,7.11,7.11
540,2019-10-24,7.11,7.11,7.11,7.11
539,2019-10-23,7.11,7.11,7.11,7.11
538,2019-10-22,7.11,7.11,7.11,7.11
537,2019-10-21,7.11,7.11,7.11,7.11
536,2019-10-18,7.11,7.11,7.11,7.11
535,2019-10-17,7.11,7.11,7.11,7.11
534,2019-10-16,7.11,7.11,7.11,7.11
533,2019-10-15,7.11,7.11,7.11,7.11
532,2019-10-14,7.11,7.11,7.11,7.11
531,2019-10-11,7.11,7.11,7.11,7.11
530,2019-10-10,7.11,7.11,7.11,7.11
529,2019-10-09,7.11,7.11,7.11,7.11
528,2019-10-08,7.11,7.11,7.11,7.11
527,2019-10-07,7.11,7.11,7.11,7.11
526,2019-10-04,7.11,7.11,7.11,7.11
525,2019-10-03,7.11,7.11,7.11,7.11
524,2019-10-02,7.11,7.11,7.11,7.11
523,2019-10-01,7.11,7.11,7.11,7.11
522,2019-09-30,7.11,7.11,7.11,7.11
521,2019-09-27,7.11,7.11,7.11,7.11
520,2019-09-26,7.11,7.11,7.11,7.11
519,2019-09-25,7.11,7.11,7.11,7.11
518,2019-09-24,7.11,7.11,7.11,7.11
517,2019-09-23,7.11,7.11,7.11,7.11
516,2019-09-20,7.11,7.11,7.11,7.11
515,2019-09-19,7.11,7.11,7.11,7.11
514,2019-09-18,7.11,7.11,7.11,7.11
513,2019-09-17,7.11,7.11,7.11,7.11
512,2019-09-16,7.11,7.11,7.11,7.11
511,2019-09-13,7.11,7.11,7.11,7.11
510,2019-09-12,7.11,7.11,7.11,7.11
509,2019-09-11,7.11,7.11,7.11,7.11
508,2019-09-10,7.11,7.11,7.11,7.11
507,2019-09-09,7.11,7.11,7.11,7.11
506,2019-09-06,7.11,7.11,7.11,7.11
505,2019-09-05,7.11,7.11,7.11,7.11
504,2019-09-04,7.11,7.11,7.11,7.11
503,2019-09-03,7.11,7.11,7.11,7.11
502,2019-08-30,7.11,7.11,7.11,7.11
501,2019-08-29,7.11,7.11,7.11,7.11
500,2019-08-28,7.11,7.11,7.11,7.11
499,2019-08-27,7.11,7.11,7.11,7.11
498,2019-08-26,7.11,7.11,7.11,7.11
497,2019-08-23,7.11,7.11,7.11,7.11
496,2019-08-22,7.11,7.11,7.11,7.11
495,2019-08-21,7.11,7.11,7.11,7.11
494,2019-08-20,7.11,7.11,7.11,7.11
493,2019-08-19,7.11,7.11,7.11,7.11
492,2019-08-16,7.11,7.11,7.11,7.11
491,2019-08-15,7.11,7.11,7.11,7.11
490,2019-08-14,7.11,7.11,7.11,7.11
489,2019-08-13,7.11,7.11,7.11,7.11
488,2019-08-12,7.11,7.11,7.11,7.11
487,2019-08-09,7.11,7.11,7.11,7.11
486,2019-08-08,7.11,7.11,7.11,7.11
485,2019-08-07,7.11,7.11,7.11,7.11
484,2019-08-06,7.11,7.11,7.11,7.11
483,2019-08-05,7.11,7.11,7.11,7.11
482,2019-08-02,7.11,7.11,7.11,7.11
481,2019-08-01,7.11,7.11,7.11,7.11
480,2019-07-31,7.11,7.11,7.11,7.11
479,2019-07-30,7.11,7.11,7.11,7.11
478,2019-07-29,7.11,7.11,7.11,7.11
477,2019-07-26,7.11,7.11,7.11,7.11
476,2019-07-25,7.11,7.11,7.11,7.11
475,2019-07-24,7.11,7.11,7.11,7.11
474,2019-07-23,7.11,7.11,7.11,7.11
473,2019-07-22,7.11,7.11,7.11,7.11
472,2019-07-19,7.11,7.11,7.11,7.11
471,2019-07-18,7.11,7.11,7.11,7.11
470,2019-07-17,7.11,7.11,7.11,7.11
469,2019-07-16,7.11,7.11,7.11,7.11
468,2019-07-15,7.11,7.11,7.11,7.11
467,2019-07-12,7.11,7.11,7.11,7.11
466,2019-07-11,7.11,7.11,7.11,7.11
465,2019-07-10,7.11,7.11,7.11,7.11
464,2019-07-09,7.11,7.11,7.11,7.11
463,2019-07-08,7.11,7.11,7.11,7.11
462,2019-07-05,7.11,7.11,7.11,7.11
461,2019-07-04,7.11,7.11,7.11,7.11
460,2019-07-03,7.11,7.11,7.11,7.11
459,2019-07-02,7.11,7.11,7.11,7.11
458,2019-07-01,7.11,7.11,7.11,7.11
457,2019-06-28,7.11,7.11,7.11,7.11
456,2019-06-27,7.11,7.11,7.11,7.11
455,2019-06-26,7.11,7.11,7.11,7.11
454,2019-06-25,7.11,7.11,7.11,7.11
453,2019-06-24,7.11,7.11,7.11,7.11
452,2019-06-21,7.11,7.11,7.11,7.11
451,2019-06-20,7.11,7.11,7.11,7.11
450,2019-06-19,7.11,7.11,7.11,7.11
449,2019-06-18,7.11,7.11,7.11,7.11
448,2019-06-17,7.11,7.11,7.11,7.11
447,2019-06-14,7.11,7.11,7.11,7.11
446,2019-06-13,7.11,7.11,7.11,7.11
445,2019-06-12,7.11,7.11,7.11,7.11
444,2019-06-11,7.11,7.11,7.11,7.11
443,2019-06-10,7.11,7.11,7.11,7.11
442,2019-06-07,7.11,7.11,7.11,7.11
441,2019-06-06,7.11,7.11,7.11,7.11
440,2019-06-05,7.11,7.11,7.11,7.11
439,2019-06-04,7.11,7.11,7.11,7.11
438,2019-06-03,7.11,7.11,7.11,7.11
437,2019-05-31,7.11,7.11,7.11,7.11
436,2019-05-30,7.11,7.11,7.11,7.11
435,2019-05-29,7.11,7.11,7.11,7.11
434,2019-05-28,7.11,7.11,7.11,7.11
433,2019-05-27,7.11,7.11,7.11,7.11
432,2019-05-24,7.11,7.11,7.11,7.11
431,2019-05-23,7.11,7.11,7.11,7.11
430,2019-05-22,7.11,7.11,7.11,7.11
429,2019-05-21,7.11,7.11,7.11,7.11
428,2019-05-20,7.11,7.11,7.11,7.11
427,2019-05-17,7.11,7.11,7.11,7.11
426,2019-05-16,7.11,7.11,7.11,7.11
425,2019-05-15,7.11,7.11,7.11,7.11
424,2019-05-14,7.11,7.11,7.11,7.11
423,2019-05-13,7.11,7.11,7.11,7.11
422,2019-05-10,7.11,7.11,7.11,7.11
421,2019-05-09,7.11,7.11,7.11,7.11
420,2019-05-08,7.11,7.11,7.11,7.11
419,2019-05-07,7.11,7.11,7.11,7.11
418,2019-05-06,7.11,7.11,7.11,7.11
417,2019-05-03,7.11,7.11,7.11,7.11
416,2019-05-02,7.11,7.11,7.11,7.11
415,2019-04-26,7.11,7.11,7.11,7.11
414,2019-04-25,7.11,7.11,7.11,7.11
413,2019-04-24,7.11,7.11,7.11,7.11
412,2019-04-23,7.11,7.11,7.11,7.11
411,2019-04-22,7.11,7.11,7.11,7.11
410,2019-04-19,7.11,7.11,7.11,7.11
409,2019-04-18,7.11,7.11,7.11,7.11
408,2019-04-17,7.11,7.11,7.11,7.11
407,2019-04-16,7.11,7.11,7.11,7.11
406,2019-04-12,7.11,7.11,7.11,7.11
405,2019-04-11,7.11,7.11,7.11,7.11
404,2019-04-10,7.11,7.11,7.11,7.11
403,2019-04-09,7.11,7.11,7.11,7.11
402,2019-04-08,7.11,7.11,7.11,7.11
401,2019-04-05,7.11,7.11,7.11,7.11
400,2019-04-04,7.11,7.11,7.11,7.11
399,2019-04-03,7.11,7.11,7.11,7.11
398,2019-04-02,7.11,7.11,7.11,7.11
397,2019-04-01,7.11,7.11,7.11,7.11
396,2019-03-29,7.11,7.11,7.11,7.11
395,2019-03-28,7.11,7.11,7.11,7.11
394,2019-03-27,7.11,7.11,7.11,7.11
393,2019-03-26,7.11,7.11,7.11,7.11
392,2019-03-25,7.11,7.11,7.11,7.11
391,2019-03-22,7.11,7.11,7.11,7.11
390,2019-03-21,7.11,7.11,7.11,7.11
389,2019-03-20,7.11,7.11,7.11,7.11
388,2019-03-19,7.11,7.11,7.11,7.11
387,2019-03-18,7.11,7.11,7.11,7.11
386,2019-03-15,7.11,7.11,7.11,7.11
385,2019-03-14,7.11,7.11,7.11,7.11
384,2019-03-13,7.11,7.11,7.11,7.11
383,2019-03-12,7.11,7.11,7.11,7.11
382,2019-03-11,7.11,7.11,7.11,7.11
381,2019-03-08,7.11,7.11,7.11,7.11
380,2019-03-07,7.11,7.11,7.11,7.11
379,2019-03-06,7.11,7.11,7.11,7.11
378,2019-03-05,7.11,7.11,7.11,7.11
377,2019-03-04,7.11,7.11,7.11,7.11
376,2019-03-01,7.11,7.11,7.11,7.11
375,2019-02-28,7.11,7.11,7.11,7.11
374,2019-02-27,7.11,7.11,7.11,7.11
373,2019-02-26,7.11,7.11,7.11,7.11
372,2019-02-25,7.11,7.11,7.11,7.11
371,2019-02-22,7.11,7.11,7.11,7.11
370,2019-02-21,7.11,7.11,7.11,7.11
369,2019-02-20,7.11,7.11,7.11,7.11
368,2019-02-19,7.11,7.11,7.11,7.11
367,2019-02-18,7.11,7.11,7.11,7.11
366,2019-02-15,7.11,7.11,7.11,7.11
365,2019-02-14,7.11,7.11,7.11,7.11
364,2019-02-13,7.11,7.11,7.11,7.11
363,2019-02-12,7.11,7.11,7.11,7.11
362,2019-02-11,7.11,7.11,7.11,7.11
361,2019-02-01,7.11,7.11,7.11,7.11
360,2019-01-31,7.11,7.11,7.11,7.11
359,2019-01-30,7.11,7.11,7.11,7.11
358,2019-01-29,7.11,7.11,7.11,7.11
357,2019-01-28,7.11,7.11,7.11,7.11
356,2019-01-25,7.11,7.11,7.11,7.11
355,2019-01-24,7.11,7.11,7.11,7.11
354,2019-01-23,7.11,7.11,7.11,7.11
353,2019-01-22,7.11,7.11,7.11,7.11
352,2019-01-21,7.11,7.11,7.11,7.11
351,2019-01-18,7.11,7.11,7.11,7.11
350,2019-01-17,7.11,7.11,7.11,7.11
349,2019-01-16,7.11,7.11,7.11,7.11
348,2019-01-15,7.11,7.11,7.11,7.11
347,2019-01-14,7.11,7.11,7.11,7.11
346,2019-01-11,7.11,7.11,7.11,7.11
345,2019-01-10,7.11,7.11,7.11,7.11
344,2019-01-09,7.11,7.11,7.11,7.11
343,2019-01-08,7.11,7.11,7.11,7.11
342,2019-01-07,7.11,7.11,7.11,7.11
341,2019-01-04,7.11,7.11,7.11,7.11
340,2019-01-03,7.11,7.11,7.11,7.11
339,2019-01-02,7.11,7.11,7.11,7.11
338,2018-12-28,7.11,7.11,7.11,7.11
337,2018-12-27,7.11,7.11,7.11,7.11
336,2018-12-26,7.11,7.11,7.11,7.11
335,2018-12-25,7.11,7.11,7.11,7.11
334,2018-12-24,7.11,7.11,7.11,7.11
333,2018-12-21,7.11,7.11,7.11,7.11
332,2018-12-20,7.11,7.11,7.11,7.11
331,2018-12-19,7.11,7.11,7.11,7.11
330,2018-12-18,7.11,7.11,7.11,7.11
329,2018-12-17,7.11,7.11,7.11,7.11
328,2018-12-14,7.11,7.11,7.11,7.11
327,2018-12-13,7.11,7.11,7.11,7.11
326,2018-12-12,7.11,7.11,7.11,7.11
325,2018-12-11,7.11,7.11,7.11,7.11
324,2018-12-10,7.11,7.11,7.11,7.11
323,2018-12-07,7.11,7.11,7.11,7.11
322,2018-12-06,7.11,7.11,7.11,7.11
321,2018-12-05,7.11,7.11,7.11,7.11
320,2018-12-04,7.11,7.11,7.11,7.11
319,2018-12-03,7.11,7.11,7.11,7.11
318,2018-11-30,7.11,7.11,7.11,7.11
317,2018-11-29,7.11,7.11,7.11,7.11
316,2018-11-28,7.11,7.11,7.11,7.11
315,2018-11-27,7.11,7.11,7.11,7.11
314,2018-11-26,7.11,7.11,7.11,7.11
313,2018-11-23,7.11,7.11,7.11,7.11
312,2018-11-22,7.11,7.11,7.11,7.11
311,2018-11-21,7.11,7.11,7.11,7.11
310,2018-11-20,7.11,7.11,7.11,7.11
309,2018-11-19,7.11,7.11,7.11,7.11
308,2018-11-16,7.11,7.11,7.11,7.11
307,2018-11-15,7.11,7.11,7.11,7.11
306,2018-11-14,7.11,7.11,7.11,7.11
305,2018-11-13,7.11,7.11,7.11,7.11
304,2018-11-12,7.11,7.11,7.11,7.11
303,2018-11-09,7.11,7.11,7.11,7.11
302,2018-11-08,7.11,7.11,7.11,7.11
301,2018-11-07,7.11,7.11,7.11,7.11
300,2018-11-06,7.11,7.11,7.11,7.11
299,2018-11-05,7.11,7.11,7.11,7.11
298,2018-11-02,7.11,7.11,7.11,7.11
297,2018-11-01,7.11,7.11,7.11,7.11
296,2018-10-31,7.11,7.11,7.11,7.11
295,2018-10-30,7.11,7.11,7.11,7.11
294,2018-10-29,7.11,7.11,7.11,7.11
293,2018-10-26,7.11,7.11,7.11,7.11
292,2018-10-25,7.11,7.11,7.11,7.11
291,2018-10-24,7.11,7.11,7.11,7.11
290,2018-10-23,7.11,7.11,7.11,7.11
289,2018-10-22,7.11,7.11,7.11,7.11
288,2018-10-19,7.11,7.11,7.11,7.11
287,2018-10-18,7.11,7.11,7.11,7.11
286,2018-10-17,7.11,7.11,7.11,7.11
285,2018-10-16,7.11,7.11,7.11,7.11
284,2018-10-15,7.11,7.11,7.11,7.11
283,2018-10-12,7.11,7.11,7.11,7.11
282,2018-10-11,7.11,7.11,7.11,7.11
281,2018-10-10,7.11,7.11,7.11,7.11
280,2018-10-09,7.11,7.11,7.11,7.11
279,2018-10-08,7.11,7.11,7.11,7.11
278,2018-10-05,7.11,7.11,7.11,7.11
277,2018-10-04,7.11,7.11,7.11,7.11
276,2018-10-03,7.11,7.11,7.11,7.11
275,2018-10-02,7.11,7.11,7.11,7.11
274,2018-10-01,7.11,7.11,7.11,7.11
273,2018-09-28,7.11,7.11,7.11,7.11
272,2018-09-27,7.11,7.11,7.11,7.11
271,2018-09-26,7.11,7.11,7.11,7.11
270,2018-09-25,7.11,7.11,7.11,7.11
269,2018-09-24,7.11,7.11,7.11,7.11
268,2018-09-21,7.11,7.11,7.11,7.11
267,2018-09-20,7.11,7.11,7.11,7.11
266,2018-09-19,7.11,7.11,7.11,7.11
265,2018-09-18,7.11,7.11,7.11,7.11
264,2018-09-17,7.11,7.11,7.11,7.11
263,2018-09-14,7.11,7.11,7.11,7.11
262,2018-09-13,7.11,7.11,7.11,7.11
261,2018-09-12,7.11,7.11,7.11,7.11
260,2018-09-11,7.11,7.11,7.11,7.11
259,2018-09-10,7.11,7.11,7.11,7.11
258,2018-09-07,7.11,7.11,7.11,7.11
257,2018-09-06,7.11,7.11,7.11,7.11
256,2018-09-05,7.11,7.11,7.11,7.11
255,2018-09-04,7.11,7.11,7.11,7.11
254,2018-08-31,7.11,7.11,7.11,7.11
253,2018-08-30,7.11,7.11,7.11,7.11
252,2018-08-29,7.11,7.11,7.11,7.11
251,2018-08-28,7.11,7.11,7.11,7.11
250,2018-08-27,7.11,7.11,7.11,7.11
249,2018-08-24,7.11,7.11,7.11,7.11
248,2018-08-23,7.11,7.11,7.11,7.11
247,2018-08-22,7.11,7.11,7.11,7.11
246,2018-08-21,7.11,7.11,7.11,7.11
245,2018-08-20,7.11,7.11,7.11,7.11
244,2018-08-17,7.11,7.11,7.11,7.11
243,2018-08-16,7.11,7.11,7.11,7.11
242,2018-08-15,7.11,7.11,7.11,7.11
241,2018-08-14,7.11,7.11,7.11,7.11
240,2018-08-13,7.11,7.11,7.11,7.11
239,2018-08-10,7.11,7.11,7.11,7.11
238,2018-08-09,7.11,7.11,7.11,7.11
237,2018-08-08,7.11,7.11,7.11,7.11
236,2018-08-07,7.11,7.11,7.11,7.11
235,2018-08-06,7.11,7.11,7.11,7.11
234,2018-08-03,7.11,7.11,7.11,7.11
233,2018-08-02,7.11,7.11,7.11,7.11
232,2018-08-01,7.11,7.11,7.11,7.11
231,2018-07-31,7.11,7.11,7.11,7.11
230,2018-07-30,7.11,7.11,7.11,7.11
229,2018-07-27,7.11,7.11,7.11,7.11
228,2018-07-26,7.11,7.11,7.11,7.11
227,2018-07-25,7.11,7.11,7.11,7.11
226,2018-07-24,7.11,7.11,7.11,7.11
225,2018-07-23,7.11,7.11,7.11,7.11
224,2018-07-20,7.11,7.11,7.11,7.11
223,2018-07-19,7.11,7.11,7.11,7.11
222,2018-07-18,7.11,7.11,7.11,7.11
221,2018-07-17,7.11,7.11,7.11,7.11
220,2018-07-16,7.11,7.11,7.11,7.11
219,2018-07-13,7.11,7.11,7.11,7.11
218,2018-07-12,7.11,7.11,7.11,7.11
217,2018-07-11,7.11,7.11,7.11,7.11
216,2018-07-10,7.11,7.11,7.11,7.11
215,2018-07-09,7.11,7.11,7.11,7.11
214,2018-07-06,7.11,7.11,7.11,7.11
213,2018-07-05,7.11,7.11,7.11,7.11
212,2018-07-04,7.11,7.11,7.11,7.11
211,2018-07-03,7.11,7.11,7.11,7.11
210,2018-07-02,7.11,7.11,7.11,7.11
209,2018-06-29,7.11,7.11,7.11,7.11
208,2018-06-28,7.11,7.11,7.11,7.11
207,2018-06-27,7.11,7.11,7.11,7.11
206,2018-06-26,7.11,7.11,7.11,7.11
205,2018-06-25,7.11,7.11,7.11,7.11
204,2018-06-22,7.11,7.11,7.11,7.11
203,2018-06-21,7.11,7.11,7.11,7.11
202,2018-06-20,7.11,7.11,7.11,7.11
201,2018-06-19,7.11,7.11,7.11,7.11
200,2018-06-18,7.11,7.11,7.11,7.11
199,2018-06-15,7.11,7.11,7.11,7.11
198,2018-06-14,7.11,7.11,7.11,7.11
197,2018-06-13,7.11,7.11,7.11,7.11
196,2018-06-12,7.11,7.11,7.11,7.11
195,2018-06-11,7.11,7.11,7.11,7.11
194,2018-06-08,7.11,7.11,7.11,7.11
193,2018-06-07,7.11,7.11,7.11,7.11
192,2018-06-06,7.11,7.11,7.11,7.11
191,2018-06-05,7.11,7.11,7.11,7.11
190,2018-06-04,7.11,7.11,7.11,7.11
189,2018-06-01,7.11,7.11,7.11,7.11
188,2018-05-31,7.11,7.11,7.11,7.11
187,2018-05-30,7.11,7.11,7.11,7.11
186,2018-05-29,7.11,7.11,7.11,7.11
185,2018-05-28,7.11,7.11,7.11,7.11
184,2018-05-25,7.11,7.11,7.11,7.11
183,2018-05-24,7.11,7.11,7.11,7.11
182,2018-05-23,7.11,7.11,7.11,7.11
181,2018-05-22,7.11,7.11,7.11,7.11
180,2018-05-21,7.11,7.11,7.11,7.11
179,2018-05-18,7.11,7.11,7.11,7.11
178,2018-05-17,7.11,7.11,7.11,7.11
177,2018-05-16,7.11,7.11,7.11,7.11
176,2018-05-15,7.11,7.11,7.11,7.11
175,2018-05-14,7.11,7.11,7.11,7.11
174,2018-05-11,7.11,7.11,7.11,7.11
173,2018-05-10,7.11,7.11,7.11,7.11
172,2018-05-09,7.11,7.11,7.11,7.11
171,2018-05-08,7.11,7.11,7.11,7.11
170,2018-05-07,7.11,7.11,7.11,7.11
169,2018-05-04,7.11,7.11,7.11,7.11
168,2018-05-03,7.11,7.11,7.11,7.11
167,2018-05-02,7.11,7.11,7.11,7.11
166,2018-04-27,7.11,7.11,7.11,7.11
165,2018-04-26,7.11,7.11,7.11,7.11
164,2018-04-24,7.11,7.11,7.11,7.11
163,2018-04-23,7.11,7.11,7.11,7.11
162,2018-04-20,7.11,7.11,7.11,7.11
161,2018-04-19,7.11,7.11,7.11,7.11
160,2018-04-18,7.11,7.11,7.11,7.11
159,2018-04-17,7.11,7.11,7.11,7.11
158,2018-04-16,7.11,7.11,7.11,7.11
157,2018-04-13,7.11,7.11,7.11,7.11
156,2018-04-12,7.11,7.11,7.11,7.11
155,2018-04-11,7.11,7.11,7.11,7.11
154,2018-04-10,7.11,7.11,7.11,7.11
153,2018-04-09,7.11,7.11,7.11,7.11
152,2018-04-06,7.11,7.11,7.11,7.11
151,2018-04-05,7.11,7.11,7.11,7.11
150,2018-04-04,7.11,7.11,7.11,7.11
149,2018-04-03,7.11,7.11,7.11,7.11
148,2018-04-02,7.11,7.11,7.11,7.11
147,2018-03-30,7.11,7.11,7.11,7.11
146,2018-03-29,7.11,7.11,7.11,7.11
145,2018-03-28,7.11,7.11,7.11,7.11
144,2018-03-27,7.11,7.11,7.11,7.11
143,2018-03-26,7.11,7.11,7.11,7.11
142,2018-03-23,7.11,7.11,7.11,7.11
141,2018-03-22,7.11,7.11,7.11,7.11
140,2018-03-21,7.11,7.11,7.11,7.11
139,2018-03-20,7.11,7.11,7.11,7.11
138,2018-03-19,7.11,7.11,7.11,7.11
137,2018-03-16,7.11,7.11,7.11,7.11
136,2018-03-15,7.11,7.11,7.11,7.11
135,2018-03-14,7.11,7.11,7.11,7.11
134,2018-03-13,7.11,7.11,7.11,7.11
133,2018-03-12,7.11,7.11,7.11,7.11
132,2018-03-09,7.11,7.11,7.11,7.11
131,2018-03-08,7.11,7.11,7.11,7.11
130,2018-03-07,7.11,7.11,7.11,7.11
129,2018-03-06,7.11,7.11,7.11,7.11
128,2018-03-05,7.11,7.11,7.11,7.11
127,2018-03-02,7.11,7.11,7.11,7.11
126,2018-03-01,7.11,7.11,7.11,7.11
125,2018-02-28,7.11,7.11,7.11,7.11
124,2018-02-27,7.11,7.11,7.11,7.11
123,2018-02-26,7.11,7.11,7.11,7.11
122,2018-02-23,7.11,7.11,7.11,7.11
121,2018-02-22,7.11,7.11,7.11,7.11
120,2018-02-21,7.11,7.11,7.11,7.11
119,2018-02-13,7.11,7.11,7.11,7.11
118,2018-02-12,7.11,7.11,7.11,7.11
117,2018-02-09,7.11,7.11,7.11,7.11
116,2018-02-08,7.11,7.11,7.11,7.11
115,2018-02-07,7.11,7.11,7.11,7.11
114,2018-02-06,7.11,7.11,7.11,7.11
113,2018-02-05,7.11,7.11,7.11,7.11
112,2018-02-02,7.11,7.11,7.11,7.11
111,2018-02-01,7.11,7.11,7.11,7.11
110,2018-01-31,7.11,7.11,7.11,7.11
109,2018-01-30,7.11,7.11,7.11,7.11
108,2018-01-29,7.11,7.11,7.11,7.11
107,2018-01-26,7.11,7.11,7.11,7.11
106,2018-01-25,7.11,7.11,7.11,7.11
105,2018-01-24,7.11,7.11,7.11,7.11
104,2018-01-23,7.11,7.11,7.11,7.11
103,2018-01-22,7.11,7.11,7.11,7.11
102,2018-01-19,7.11,7.11,7.11,7.11
101,2018-01-18,7.11,7.11,7.11,7.11
100,2018-01-17,7.11,7.11,7.11,7.11
99,2018-01-16,7.11,7.11,7.11,7.11
98,2018-01-15,7.11,7.11,7.11,7.11
97,2018-01-12,7.11,7.11,7.11,7.11
96,2018-01-11,7.11,7.11,7.11,7.11
95,2018-01-10,7.11,7.11,7.11,7.11
94,2018-01-09,7.11,7.11,7.11,7.11
93,2018-01-08,7.11,7.11,7.11,7.11
92,2018-01-05,7.11,7.11,7.11,7.11
91,2018-01-04,7.11,7.11,7.11,7.11
90,2018-01-03,7.11,7.11,7.11,7.11
89,2018-01-02,7.11,7.11,7.11,7.11
88,2017-12-29,7.11,7.11,7.11,7.11
87,2017-12-28,7.11,7.11,7.11,7.11
86,2017-12-27,7.11,7.11,7.11,7.11
85,2017-12-26,7.11,7.11,7.11,7.11
84,2017-12-25,7.11,7.11,7.11,7.11
83,2017-12-22,7.11,7.11,7.11,7.11
82,2017-12-21,7.11,7.11,7.11,7.11
81,2017-12-20,7.11,7.11,7.11,7.11
80,2017-12-19,7.11,7.11,7.11,7.11
79,2017-12-18,7.11,7.11,7.11,7.11
78,2017-12-15,7.11,7.11,7.11,7.11
77,2017-12-14,7.11,7.11,7.11,7.11
76,2017-12-13,7.11,7.11,7.11,7.11
75,2017-12-12,7.11,7.11,7.11,7.11
74,2017-12-11,7.11,7.11,7.11,7.11
73,2017-12-08,7.11,7.11,7.11,7.11
72,2017-12-07,7.11,7.11,7.11,7.11
71,2017-12-06,7.11,7.11,7.11,7.11
70,2017-12-05,7.11,7.11,7.11,7.11
69,2017-12-04,7.11,7.11,7.11,7.11
68,2017-12-01,7.11,7.11,7.11,7.11
67,2017-11-30,7.11,7.11,7.11,7.11
66,2017-11-29,7.11,7.11,7.11,7.11
65,2017-11-28,7.11,7.11,7.11,7.11
64,2017-11-27,7.11,7.11,7.11,7.11
63,2017-11-24,7.11,7.11,7.11,7.11
62,2017-11-23,7.11,7.11,7.11,7.11
61,2017-11-22,7.11,7.11,7.11,7.11
60,2017-11-21,7.11,7.11,7.11,7.11
59,2017-11-20,7.11,7.11,7.11,7.11
58,2017-11-17,7.11,7.11,7.11,7.11
57,2017-11-16,7.11,7.11,7.11,7.11
56,2017-11-15,7.11,7.11,7.11,7.11
55,2017-11-14,7.11,7.11,7.11,7.11
54,2017-11-13,7.11,7.11,7.11,7.11
53,2017-11-10,7.11,7.11,7.11,7.11
52,2017-11-09,7.11,7.11,7.11,7.11
51,2017-11-08,7.11,7.11,7.11,7.11
50,2017-11-07,7.11,7.11,7.11,7.11
49,2017-11-06,7.11,7.11,7.11,7.11
48,2017-11-03,7.11,7.11,7.11,7.11
47,2017-11-02,7.11,7.11,7.11,7.11
46,2017-11-01,7.11,7.11,7.11,7.11
45,2017-10-31,7.11,7.11,7.11,7.11
44,2017-10-30,7.11,7.11,7.11,7.11
43,2017-10-27,7.11,7.11,7.11,7.11
42,2017-10-26,7.11,7.11,7.11,7.11
41,2017-10-25,7.11,7.11,7.11,7.11
40,2017-10-24,7.11,7.11,7.11,7.11
39,2017-10-23,7.11,7.11,7.11,7.11
38,2017-10-20,7.11,7.11,7.11,7.11
37,2017-10-19,7.11,7.11,7.11,7.11
36,2017-10-18,7.11,7.11,7.11,7.11
35,2017-10-17,7.11,7.11,7.11,7.11
34,2017-10-16,7.11,7.11,7.11,7.11
33,2017-10-13,7.11,7.11,7.11,7.11
32,2017-10-12,7.11,7.11,7.11,7.11
31,2017-10-11,7.11,7.11,7.11,7.11
30,2017-10-10,7.11,7.11,7.11,7.11
29,2017-10-09,7.11,7.11,7.11,7.11
28,2017-10-06,7.11,7.11,7.11,7.11
27,2017-10-05,7.11,7.11,7.11,7.11
26,2017-10-04,7.11,7.11,7.11,7.11
25,2017-10-03,7.11,7.11,7.11,7.11
24,2017-10-02,7.11,7.11,7.11,7.11
23,2017-09-29,7.11,7.11,7.11,7.11
22,2017-09-28,7.11,7.11,7.11,7.11
21,2017-09-27,7.11,7.11,7.11,7.11
20,2017-09-26,7.11,7.11,7.11,7.11
19,2017-09-25,7.11,7.11,7.11,7.11
18,2017-09-22,7.11,7.11,7.11,7.11
17,2017-09-21,7.11,7.11,7.11,7.11
16,2017-09-20,7.11,7.11,7.11,7.11
15,2017-09-19,7.11,7.11,7.11,7.11
14,2017-09-18,7.11,7.11,7.11,7.11
13,2017-09-15,7.11,7.11,7.11,7.11
12,2017-09-14,7.11,7.11,7.11,7.11
11,2017-09-13,7.11,7.11,7.11,7.11
10,2017-09-12,7.11,7.11,7.11,7.11
9,2017-09-11,7.11,7.11,7.11,7.11
8,2017-09-08,7.11,7.11,7.11,7.11
7,2017-09-07,7.11,7.11,7.11,7.11
6,2017-09-06,7.11,7.11,7.11,7.11
5,2017-09-05,7.11,7.11,7.11,7.11
4,2017-09-01,7.11,7.11,7.11,7.11
3,2017-08-31,7.11,7.11,7.11,7.11
2,2017-08-30,7.11,7.11,7.11,7.11
1,2017-08-29,7.11,7.11,7.11,7.11
0,2017-08-28,7.11,0.0,0.0,0.0
