,Date,Open,High,Low,Close,Volume
1712,2025-10-23,22.7,22.7,22.7,22.7,500
1711,2025-10-22,22.7,22.7,22.7,22.7,100
1710,2025-10-21,22.8,22.8,22.3,22.3,2000
1709,2025-10-20,23.4,23.4,22.0,22.3,25200
1708,2025-10-17,23.4,23.4,23.4,23.4,2400
1707,2025-10-16,23.3,23.4,23.2,23.4,20500
1706,2025-10-15,24.0,24.0,24.0,24.0,1200
1705,2025-10-14,23.8,23.8,23.7,23.7,34900
1704,2025-10-13,24.1,24.2,24.0,24.2,9800
1703,2025-10-10,24.2,24.2,24.2,24.2,500
1702,2025-10-09,24.1,24.1,24.1,24.1,4500
1701,2025-10-08,24.2,24.2,24.0,24.0,7900
1700,2025-10-07,24.3,24.3,23.4,24.0,3600
1699,2025-10-06,24.9,25.0,24.2,24.2,5000
1698,2025-10-03,24.3,24.9,24.1,24.2,22100
1697,2025-10-02,24.2,24.3,24.2,24.2,6500
1696,2025-10-01,24.1,24.1,24.1,24.1,100
1695,2025-09-30,24.5,24.5,24.2,24.2,9700
1694,2025-09-29,24.5,24.7,24.5,24.6,4400
1693,2025-09-26,24.4,24.7,24.4,24.4,2500
1692,2025-09-25,24.5,24.5,24.3,24.4,3700
1691,2025-09-24,24.2,24.3,24.2,24.3,6100
1690,2025-09-23,24.5,24.5,24.2,24.3,2400
1689,2025-09-22,24.9,24.9,24.4,24.8,4400
1688,2025-09-19,25.0,25.0,24.8,24.8,1200
1687,2025-09-18,24.3,25.0,24.2,24.2,13300
1686,2025-09-17,24.5,24.5,24.2,24.2,10000
1685,2025-09-16,24.9,25.0,24.6,24.9,5400
1684,2025-09-15,24.2,25.1,24.1,25.1,8400
1683,2025-09-12,24.2,24.2,24.1,24.1,4500
1682,2025-09-11,24.1,24.1,24.1,24.1,13100
1681,2025-09-10,24.1,24.1,24.1,24.1,5000
1680,2025-09-09,24.1,24.3,24.0,24.3,3500
1679,2025-09-08,24.7,24.8,24.1,24.6,5300
1678,2025-09-05,25.5,25.5,25.0,25.0,10600
1677,2025-09-04,24.5,25.8,24.5,25.0,7100
1676,2025-09-03,25.0,25.0,24.9,25.0,11200
1675,2025-08-29,25.0,25.9,25.0,25.0,20300
1674,2025-08-28,24.6,24.6,24.4,24.4,13000
1673,2025-08-27,25.0,26.6,24.0,24.9,80600
1672,2025-08-26,26.6,26.6,26.0,26.0,201
1671,2025-08-25,24.6,25.0,24.6,24.7,22301
1670,2025-08-22,25.6,25.6,24.9,24.9,21107
1669,2025-08-21,26.2,26.2,25.6,25.7,2756
1668,2025-08-20,26.6,26.6,25.5,26.3,15100
1667,2025-08-19,26.3,27.0,26.1,26.2,8624
1666,2025-08-18,26.3,26.5,26.0,26.2,7901
1665,2025-08-15,26.5,26.7,26.3,26.3,5500
1664,2025-08-14,27.0,27.2,26.5,26.7,8516
1663,2025-08-13,26.2,26.29,25.91,26.29,19156
1662,2025-08-12,26.29,26.29,25.91,26.1,29600
1661,2025-08-11,26.87,26.87,26.1,26.39,36656
1660,2025-08-08,26.77,26.77,25.72,26.48,54050
1659,2025-08-07,26.87,27.25,26.68,26.87,55802
1658,2025-08-06,26.68,27.35,25.91,26.48,29204
1657,2025-08-05,25.91,27.16,25.81,26.68,75401
1656,2025-08-04,26.39,26.39,25.05,26.29,52700
1655,2025-08-01,24.28,26.68,24.28,26.39,120445
1654,2025-07-31,23.03,24.28,23.03,24.28,60255
1653,2025-07-30,22.84,23.13,22.74,22.93,8400
1652,2025-07-29,23.51,24.28,22.65,22.93,24001
1651,2025-07-28,23.22,23.99,22.84,23.99,27500
1650,2025-07-25,23.13,23.13,22.65,22.65,26000
1649,2025-07-24,22.55,22.84,22.55,22.74,11312
1648,2025-07-23,22.55,22.93,22.07,22.07,6600
1647,2025-07-22,22.55,22.55,22.55,22.55,7405
1646,2025-07-21,22.55,22.65,22.55,22.55,40501
1645,2025-07-18,22.45,22.93,22.45,22.55,11300
1644,2025-07-17,22.07,22.84,22.07,22.84,45000
1643,2025-07-16,21.69,22.55,21.69,22.17,1800
1642,2025-07-15,22.36,22.55,22.07,22.07,13200
1641,2025-07-14,22.36,22.55,22.36,22.45,17700
1640,2025-07-11,22.36,22.55,22.36,22.36,3100
1639,2025-07-10,22.55,22.55,21.59,22.55,44558
1638,2025-07-09,22.65,23.51,22.65,22.84,6300
1637,2025-07-08,22.65,22.84,22.55,22.55,12900
1636,2025-07-07,22.65,22.65,22.65,22.65,400
1635,2025-07-04,22.55,22.84,22.55,22.84,6201
1634,2025-07-03,22.55,22.55,22.55,22.55,2800
1633,2025-07-02,22.55,22.55,22.55,22.55,4301
1632,2025-07-01,22.65,22.65,22.26,22.65,800
1631,2025-06-30,22.55,22.65,22.55,22.65,400
1630,2025-06-27,22.55,22.55,22.55,22.55,3000
1629,2025-06-26,22.55,22.55,22.36,22.55,3000
1628,2025-06-25,22.55,22.55,22.55,22.55,300
1627,2025-06-24,22.65,22.65,22.36,22.65,4200
1626,2025-06-23,22.45,22.84,22.45,22.84,5200
1625,2025-06-20,22.65,22.74,22.65,22.74,1200
1624,2025-06-19,22.55,22.55,22.55,22.55,1800
1623,2025-06-18,22.65,23.13,22.65,22.93,10000
1622,2025-06-17,22.45,23.03,22.45,22.55,16700
1621,2025-06-16,22.36,22.45,22.26,22.36,6600
1620,2025-06-13,22.65,22.84,22.65,22.65,15803
1619,2025-06-12,22.55,22.74,22.55,22.74,3000
1618,2025-06-11,22.65,22.65,22.55,22.55,3200
1617,2025-06-10,23.03,23.03,23.03,23.03,2020
1616,2025-06-09,23.41,23.51,22.84,23.03,13000
1615,2025-06-06,23.41,23.61,23.13,23.13,15500
1614,2025-06-05,23.41,23.41,23.22,23.22,8100
1613,2025-06-04,23.41,23.41,23.03,23.03,905
1612,2025-06-03,23.41,23.51,23.32,23.51,18210
1611,2025-06-02,23.32,23.51,23.32,23.51,4405
1610,2025-05-30,23.13,23.51,23.03,23.51,2900
1609,2025-05-29,23.13,23.32,23.03,23.03,3500
1608,2025-05-28,23.22,23.22,22.84,23.13,11018
1607,2025-05-27,23.51,23.89,22.84,23.22,44502
1606,2025-05-26,23.03,23.8,23.03,23.61,1214
1605,2025-05-23,24.28,24.28,24.28,24.28,1
1604,2025-05-22,24.28,24.28,24.28,24.28,0
1603,2025-05-21,23.41,24.85,23.32,23.99,20653
1602,2025-05-20,23.51,23.61,23.32,23.32,22300
1601,2025-05-19,23.32,23.8,23.32,23.51,17705
1600,2025-05-16,23.32,23.99,23.03,23.99,6300
1599,2025-05-15,24.28,24.28,24.28,24.28,0
1598,2025-05-14,23.22,24.57,23.22,24.57,39000
1597,2025-05-13,23.61,24.57,23.61,24.18,13301
1596,2025-05-12,23.7,23.7,23.32,23.7,21615
1595,2025-05-09,23.7,23.7,23.7,23.7,200
1594,2025-05-08,23.7,24.09,23.61,23.7,4200
1593,2025-05-07,24.28,24.47,23.22,23.89,14628
1592,2025-05-06,24.66,24.76,23.13,24.09,7801
1591,2025-05-05,24.76,24.95,23.99,24.66,14215
1590,2025-04-29,24.76,24.85,23.99,24.76,22301
1589,2025-04-28,24.37,24.85,23.51,23.99,7210
1588,2025-04-25,23.89,24.47,23.8,24.47,10217
1587,2025-04-24,23.51,24.28,22.07,23.41,5900
1586,2025-04-23,24.95,24.95,24.95,24.95,100
1585,2025-04-22,23.03,23.13,21.97,23.03,15300
1584,2025-04-21,24.95,24.95,23.22,24.37,2600
1583,2025-04-18,23.51,25.81,23.51,23.51,15807
1582,2025-04-17,23.8,23.99,23.8,23.99,7800
1581,2025-04-16,23.7,23.99,23.61,23.99,10770
1580,2025-04-15,24.66,24.66,22.07,23.41,6800
1579,2025-04-14,24.85,24.85,23.32,23.89,5001
1578,2025-04-11,24.47,24.47,22.55,24.09,22104
1577,2025-04-10,23.51,24.09,23.51,24.09,30902
1576,2025-04-09,20.25,21.59,20.25,20.63,15015
1575,2025-04-08,21.4,21.97,18.52,19.86,101149
1574,2025-04-04,20.54,22.55,20.54,21.97,31002
1573,2025-04-03,25.91,25.91,22.36,22.36,105805
1572,2025-04-02,26.87,26.87,25.91,25.91,16300
1571,2025-04-01,25.91,26.96,25.72,26.96,14000
1570,2025-03-31,26.29,26.39,25.72,25.72,13800
1569,2025-03-28,26.39,26.48,26.2,26.2,14600
1568,2025-03-27,26.87,26.87,26.2,26.2,27200
1567,2025-03-26,27.35,27.64,26.68,27.25,17004
1566,2025-03-25,27.64,28.12,26.68,28.02,10022
1565,2025-03-24,27.35,27.83,26.48,27.35,37503
1564,2025-03-21,28.12,28.31,27.25,27.54,22000
1563,2025-03-20,28.4,29.65,26.96,27.83,54860
1562,2025-03-19,27.35,28.79,27.25,28.02,75963
1561,2025-03-18,26.68,28.12,26.1,27.83,200700
1560,2025-03-17,25.05,27.06,25.05,26.87,144500
1559,2025-03-14,24.09,25.24,24.09,24.85,46403
1558,2025-03-13,23.7,24.37,23.7,24.37,9800
1557,2025-03-12,24.66,24.66,23.99,24.57,1610
1556,2025-03-11,24.09,24.85,23.99,24.47,9100
1555,2025-03-10,23.61,25.05,23.03,24.37,8402
1554,2025-03-07,23.41,24.09,23.41,23.61,12400
1553,2025-03-06,23.99,24.09,23.03,24.09,13808
1552,2025-03-05,24.28,24.37,23.99,24.09,8201
1551,2025-03-04,24.47,24.47,23.99,24.09,8808
1550,2025-03-03,24.95,25.05,24.95,25.05,6200
1549,2025-02-28,25.05,25.14,24.57,25.14,5700
1548,2025-02-27,25.53,25.53,24.95,25.43,17801
1547,2025-02-26,25.53,26.39,25.24,25.72,14700
1546,2025-02-25,25.72,25.81,25.05,25.05,31000
1545,2025-02-24,25.72,25.91,25.05,25.62,27100
1544,2025-02-21,24.95,25.91,24.95,25.72,74400
1543,2025-02-20,24.47,24.85,24.37,24.66,12700
1542,2025-02-19,24.37,24.37,24.09,24.37,16700
1541,2025-02-18,23.51,25.33,23.51,24.47,22202
1540,2025-02-17,23.61,23.61,23.03,23.41,1700
1539,2025-02-14,23.13,23.7,23.13,23.51,19800
1538,2025-02-13,23.13,23.13,23.13,23.13,0
1537,2025-02-12,23.22,23.32,23.03,23.03,2900
1536,2025-02-11,23.13,23.22,23.03,23.22,4200
1535,2025-02-10,23.13,23.13,23.13,23.13,8305
1534,2025-02-07,23.03,23.03,23.03,23.03,1000
1533,2025-02-06,23.22,23.22,22.65,23.03,5100
1532,2025-02-05,23.03,23.03,23.03,23.03,200
1531,2025-02-04,22.93,23.13,22.74,22.74,7500
1530,2025-02-03,22.74,22.74,22.74,22.74,100
1529,2025-01-24,22.07,23.03,21.88,23.03,2400
1528,2025-01-23,22.93,23.32,22.36,23.32,14100
1527,2025-01-22,22.93,23.03,22.84,23.03,3900
1526,2025-01-21,22.74,22.93,22.74,22.74,8000
1525,2025-01-20,22.74,22.74,22.74,22.74,200
1524,2025-01-17,22.65,22.84,22.65,22.84,11500
1523,2025-01-16,22.36,22.36,22.36,22.36,908
1522,2025-01-15,22.26,22.36,22.26,22.36,3100
1521,2025-01-14,22.07,22.26,22.07,22.26,1300
1520,2025-01-13,21.78,22.36,21.78,22.36,3700
1519,2025-01-10,22.55,22.55,22.36,22.36,7100
1518,2025-01-09,22.74,22.74,22.74,22.74,100
1517,2025-01-08,21.88,22.45,21.88,22.45,7900
1516,2025-01-07,22.26,22.45,21.88,22.45,3900
1515,2025-01-06,22.36,22.36,22.07,22.07,12800
1514,2025-01-03,22.45,23.22,22.26,22.26,13900
1513,2025-01-02,22.55,22.84,22.26,22.84,1200
1512,2024-12-31,23.32,23.32,22.36,22.84,5200
1511,2024-12-30,23.22,23.32,22.36,22.36,9600
1510,2024-12-27,22.55,22.55,22.55,22.55,3700
1509,2024-12-26,22.55,22.84,22.36,22.84,1500
1508,2024-12-25,22.26,22.74,22.26,22.74,13100
1507,2024-12-24,22.84,22.84,22.65,22.65,300
1506,2024-12-23,22.74,22.84,22.17,22.74,2000
1505,2024-12-20,22.17,22.84,22.17,22.84,15800
1504,2024-12-19,22.26,22.84,22.26,22.84,3300
1503,2024-12-18,22.36,22.84,22.07,22.84,2500
1502,2024-12-17,22.93,22.93,22.93,22.93,1100
1501,2024-12-16,23.03,23.03,23.03,23.03,500
1500,2024-12-13,23.22,23.22,23.22,23.22,200
1499,2024-12-12,23.03,23.03,22.55,22.55,300
1498,2024-12-11,22.74,23.13,22.74,23.13,400
1497,2024-12-10,23.03,23.03,22.74,22.84,4400
1496,2024-12-09,22.84,22.93,22.65,22.74,2400
1495,2024-12-06,22.55,22.55,22.55,22.55,800
1494,2024-12-05,22.07,22.93,22.07,22.93,6700
1493,2024-12-04,22.74,22.84,22.55,22.84,4400
1492,2024-12-03,22.93,22.93,22.36,22.45,2801
1491,2024-12-02,22.36,22.93,22.36,22.93,2800
1490,2024-11-29,23.03,23.03,22.07,22.93,1600
1489,2024-11-28,22.84,23.03,22.84,23.03,1901
1488,2024-11-27,23.03,23.03,22.55,23.03,8800
1487,2024-11-26,22.93,23.13,22.17,23.13,3500
1486,2024-11-25,22.93,22.93,22.36,22.93,8800
1485,2024-11-22,22.45,23.13,22.45,22.93,1201
1484,2024-11-21,21.69,23.89,21.69,23.03,2700
1483,2024-11-20,22.84,22.93,22.84,22.93,200
1482,2024-11-19,22.55,22.93,22.55,22.93,2100
1481,2024-11-18,22.74,23.51,22.07,22.93,4800
1480,2024-11-15,22.55,23.22,22.55,23.03,6100
1479,2024-11-14,22.45,22.93,22.45,22.45,4536
1478,2024-11-13,22.07,22.93,22.07,22.93,6000
1477,2024-11-12,23.22,23.22,22.84,23.22,6600
1476,2024-11-11,23.41,23.41,22.84,23.22,2100
1475,2024-11-08,22.55,23.22,22.55,23.13,3800
1474,2024-11-07,22.55,22.74,22.46,22.74,5712
1473,2024-11-06,22.36,22.83,22.36,22.83,9301
1472,2024-11-05,22.36,22.55,22.36,22.55,2600
1471,2024-11-04,22.55,22.55,22.27,22.46,3800
1470,2024-11-01,22.64,22.64,22.27,22.55,2800
1469,2024-10-31,22.64,22.64,21.61,22.55,4601
1468,2024-10-30,22.55,22.55,22.46,22.46,600
1467,2024-10-29,22.64,22.64,22.36,22.55,2200
1466,2024-10-28,22.83,22.83,22.55,22.55,9102
1465,2024-10-25,22.08,22.83,22.08,22.55,2900
1464,2024-10-24,22.55,22.55,21.61,22.08,4708
1463,2024-10-23,22.08,22.74,20.67,22.74,10200
1462,2024-10-22,22.55,22.74,22.55,22.64,3302
1461,2024-10-21,22.64,23.02,22.55,22.74,20700
1460,2024-10-18,22.55,22.83,22.36,22.74,1402
1459,2024-10-17,22.64,22.92,22.55,22.83,8500
1458,2024-10-16,22.64,22.83,22.55,22.74,6300
1457,2024-10-15,22.55,22.92,22.36,22.92,6400
1456,2024-10-14,22.17,23.02,21.61,22.83,15600
1455,2024-10-11,22.74,22.92,22.55,22.92,10800
1454,2024-10-10,22.74,22.92,22.64,22.83,8100
1453,2024-10-09,22.74,23.02,22.64,22.92,7901
1452,2024-10-08,22.64,23.02,22.64,23.02,5300
1451,2024-10-07,22.55,22.92,22.55,22.92,301
1450,2024-10-04,22.64,22.64,22.55,22.55,21900
1449,2024-10-03,22.74,23.49,22.64,22.64,6400
1448,2024-10-02,23.02,23.02,22.55,22.83,33500
1447,2024-10-01,22.83,23.3,22.74,23.02,6706
1446,2024-09-30,22.74,23.11,22.74,23.11,920
1445,2024-09-27,22.74,23.3,22.55,23.21,39173
1444,2024-09-26,22.64,23.3,22.64,23.02,15800
1443,2024-09-25,22.74,22.74,22.64,22.74,1600
1442,2024-09-24,22.64,22.74,22.55,22.74,13400
1441,2024-09-23,22.74,23.02,22.64,22.64,6222
1440,2024-09-20,22.64,23.02,22.55,22.64,24400
1439,2024-09-19,22.55,22.74,22.55,22.74,5400
1438,2024-09-18,22.46,22.74,22.46,22.74,900
1437,2024-09-17,22.46,22.74,22.46,22.64,29400
1436,2024-09-16,22.74,22.74,22.17,22.55,14500
1435,2024-09-13,22.74,22.74,22.74,22.74,2600
1434,2024-09-12,23.02,23.3,22.92,22.92,2000
1433,2024-09-11,22.55,22.83,22.55,22.83,16400
1432,2024-09-10,22.74,22.83,22.55,22.55,7600
1431,2024-09-09,22.74,22.83,22.74,22.74,12700
1430,2024-09-06,23.02,23.02,22.74,22.74,22612
1429,2024-09-05,22.83,23.39,22.83,23.3,14510
1428,2024-09-04,22.83,22.83,22.83,22.83,16902
1427,2024-08-30,23.02,23.21,22.55,23.21,13601
1426,2024-08-29,22.92,23.21,22.74,23.21,24000
1425,2024-08-28,23.02,23.11,22.92,23.02,47300
1424,2024-08-27,23.21,23.21,22.92,23.02,18300
1423,2024-08-26,23.21,23.3,23.21,23.3,2000
1422,2024-08-23,23.21,23.3,23.11,23.3,1200
1421,2024-08-22,23.3,23.39,23.02,23.39,15100
1420,2024-08-21,23.11,23.39,22.92,23.3,20800
1419,2024-08-20,23.49,23.49,22.92,23.11,11700
1418,2024-08-19,23.3,23.49,23.21,23.21,8802
1417,2024-08-16,23.02,23.68,23.02,23.58,18400
1416,2024-08-15,23.02,24.33,23.02,23.3,5900
1415,2024-08-14,23.86,23.86,22.92,23.49,4100
1414,2024-08-13,23.86,23.86,23.02,23.49,2800
1413,2024-08-12,23.49,23.96,23.3,23.49,7200
1412,2024-08-09,26.21,26.21,23.21,23.39,11700
1411,2024-08-08,23.49,23.49,22.64,23.21,1300
1410,2024-08-07,25.84,25.84,22.55,23.39,34800
1409,2024-08-06,22.55,23.39,22.55,23.39,7900
1408,2024-08-05,23.58,23.58,22.64,23.21,63300
1407,2024-08-02,23.96,23.96,23.3,23.86,11100
1406,2024-08-01,24.05,24.05,23.3,23.96,31100
1405,2024-07-31,24.15,24.15,23.49,24.15,27300
1404,2024-07-30,23.49,24.24,23.49,24.05,30200
1403,2024-07-29,23.11,23.86,23.11,23.86,26600
1402,2024-07-26,23.11,23.49,23.11,23.49,4503
1401,2024-07-25,23.02,23.49,22.55,23.49,2200
1400,2024-07-24,22.55,23.49,22.55,23.49,46307
1399,2024-07-23,23.96,23.96,23.02,23.49,38500
1398,2024-07-22,23.58,23.96,23.3,23.86,95202
1397,2024-07-19,24.43,24.43,23.68,23.77,48500
1396,2024-07-18,24.9,24.9,23.58,24.05,97525
1395,2024-07-17,25.37,25.74,24.24,24.8,110110
1394,2024-07-16,24.99,25.65,24.9,25.37,84700
1393,2024-07-15,25.37,25.84,24.99,25.27,57300
1392,2024-07-12,24.62,25.37,24.43,25.18,71841
1391,2024-07-11,24.33,24.8,23.68,24.62,12200
1390,2024-07-10,24.05,24.43,23.77,24.33,71200
1389,2024-07-09,24.43,25.18,23.96,24.71,93303
1388,2024-07-08,23.96,26.21,23.96,25.18,36510
1387,2024-07-05,24.15,24.15,23.58,24.15,51112
1386,2024-07-04,24.24,24.24,24.05,24.15,36600
1385,2024-07-03,24.15,24.71,24.05,24.62,49818
1384,2024-07-02,24.71,24.71,23.86,24.15,44577
1383,2024-07-01,26.03,26.03,23.96,25.27,54107
1382,2024-06-28,25.83,25.83,24.91,25.65,38178
1381,2024-06-27,25.65,26.29,25.65,26.2,75340
1380,2024-06-26,25.83,25.92,24.91,25.65,76622
1379,2024-06-25,26.29,26.29,25.28,25.83,59300
1378,2024-06-24,27.03,27.49,25.19,26.2,177722
1377,2024-06-21,26.29,27.31,26.02,27.03,230003
1376,2024-06-20,25.55,26.29,25.0,26.02,254900
1375,2024-06-19,23.34,25.19,23.06,24.91,141215
1374,2024-06-18,23.99,23.99,22.97,23.06,26412
1373,2024-06-17,22.14,23.99,22.14,22.97,35600
1372,2024-06-14,25.37,25.37,23.34,23.99,88600
1371,2024-06-13,25.83,25.83,25.09,25.28,66129
1370,2024-06-12,24.91,26.2,23.99,25.28,237833
1369,2024-06-11,23.99,24.26,23.52,24.17,117900
1368,2024-06-10,22.6,24.91,22.6,23.25,58900
1367,2024-06-07,22.23,22.51,22.14,22.51,23900
1366,2024-06-06,22.14,22.51,22.14,22.14,8000
1365,2024-06-05,22.14,22.23,21.96,22.14,11508
1364,2024-06-04,21.4,22.14,21.4,22.14,7108
1363,2024-06-03,21.77,22.14,21.77,22.05,14415
1362,2024-05-31,21.86,21.86,21.77,21.77,16900
1361,2024-05-30,22.42,22.42,21.77,21.86,12800
1360,2024-05-29,22.14,22.14,21.86,21.86,4300
1359,2024-05-28,20.85,22.23,20.76,22.23,13000
1358,2024-05-27,22.6,22.6,22.51,22.6,2443
1357,2024-05-24,22.33,22.79,22.14,22.6,34000
1356,2024-05-23,22.14,22.23,22.05,22.23,27501
1355,2024-05-22,21.86,22.23,21.86,22.05,7540
1354,2024-05-21,21.77,21.96,21.77,21.96,2502
1353,2024-05-20,21.68,23.06,21.68,22.05,4400
1352,2024-05-17,21.96,21.96,21.59,21.68,11200
1351,2024-05-16,21.31,21.96,20.94,21.96,11200
1350,2024-05-15,21.86,21.96,21.68,21.68,10600
1349,2024-05-14,21.68,21.68,21.68,21.68,2500
1348,2024-05-13,21.22,21.68,21.22,21.68,5500
1347,2024-05-10,21.4,21.86,21.4,21.86,900
1346,2024-05-09,22.14,22.14,21.68,21.96,17210
1345,2024-05-08,21.86,21.86,21.86,21.86,100
1344,2024-05-07,21.03,21.86,21.03,21.86,5700
1343,2024-05-06,21.03,21.13,20.85,20.85,14700
1342,2024-05-03,20.85,20.85,20.85,20.85,5300
1341,2024-05-02,20.85,20.85,20.85,20.85,12200
1340,2024-04-26,21.22,21.22,21.22,21.22,500
1339,2024-04-25,21.59,21.77,21.59,21.59,20029
1338,2024-04-24,20.85,21.68,20.85,21.13,9900
1337,2024-04-23,21.31,21.31,21.03,21.03,2400
1336,2024-04-22,21.96,21.96,20.85,20.94,2900
1335,2024-04-19,20.85,20.94,20.76,20.85,53939
1334,2024-04-17,20.94,20.94,20.85,20.85,6100
1333,2024-04-16,21.03,21.03,20.66,20.76,66800
1332,2024-04-15,21.77,22.05,20.76,20.76,99208
1331,2024-04-12,21.77,22.23,21.77,22.14,9900
1330,2024-04-11,21.77,22.14,21.77,22.14,19200
1329,2024-04-10,21.86,21.96,21.86,21.96,8302
1328,2024-04-09,21.96,22.14,21.86,22.14,6440
1327,2024-04-08,22.69,22.69,21.77,21.86,13618
1326,2024-04-05,22.42,22.42,21.86,22.42,14289
1325,2024-04-04,22.51,22.51,22.23,22.23,29000
1324,2024-04-03,22.6,22.6,22.42,22.42,5011
1323,2024-04-02,23.34,23.52,22.42,22.51,18749
1322,2024-04-01,23.25,23.34,23.25,23.34,18702
1321,2024-03-29,23.52,23.52,22.69,23.52,33300
1320,2024-03-28,22.33,23.06,22.33,22.88,56900
1319,2024-03-27,22.14,22.14,21.96,21.96,19400
1318,2024-03-26,22.23,22.23,21.86,22.05,14000
1317,2024-03-25,22.14,22.42,22.14,22.14,26200
1316,2024-03-22,22.14,22.23,21.96,22.14,17300
1315,2024-03-21,22.14,22.23,21.77,22.23,16716
1314,2024-03-20,22.33,22.33,22.14,22.14,1100
1313,2024-03-19,22.33,22.33,22.05,22.05,1100
1312,2024-03-18,22.14,22.51,21.68,21.86,27400
1311,2024-03-15,22.14,22.23,22.05,22.23,5600
1310,2024-03-14,22.05,22.23,22.05,22.23,11402
1309,2024-03-13,21.86,22.14,21.86,22.05,12800
1308,2024-03-12,21.86,21.96,21.77,21.86,10200
1307,2024-03-11,21.77,22.14,21.77,21.86,33200
1306,2024-03-08,22.05,22.05,21.86,21.96,5900
1305,2024-03-07,21.96,22.23,21.86,21.86,22920
1304,2024-03-06,22.14,22.14,21.86,22.05,36000
1303,2024-03-05,22.42,22.42,21.96,22.05,10901
1302,2024-03-04,21.59,22.14,21.4,22.14,78400
1301,2024-03-01,21.86,21.86,21.86,21.86,1600
1300,2024-02-29,21.86,22.05,21.77,22.05,19700
1299,2024-02-28,22.14,22.14,21.68,21.86,21820
1298,2024-02-27,21.77,22.05,21.77,21.77,5300
1297,2024-02-26,21.68,21.86,21.68,21.77,7200
1296,2024-02-23,22.23,22.23,21.5,21.59,21400
1295,2024-02-22,22.42,22.42,22.14,22.23,9700
1294,2024-02-21,21.68,22.69,21.68,22.51,38400
1293,2024-02-20,21.68,21.68,21.68,21.68,3300
1292,2024-02-19,21.77,21.86,21.59,21.59,9900
1291,2024-02-16,21.77,21.77,21.68,21.68,5720
1290,2024-02-15,21.68,21.68,21.68,21.68,1180
1289,2024-02-07,21.77,22.05,21.59,21.77,5100
1288,2024-02-06,21.68,22.14,21.68,21.77,2901
1287,2024-02-05,22.14,22.42,22.05,22.05,10400
1286,2024-02-02,22.14,22.14,21.96,21.96,4800
1285,2024-02-01,22.05,22.51,21.86,22.23,19729
1284,2024-01-31,22.6,22.6,21.68,22.05,7000
1283,2024-01-30,21.59,22.69,21.13,22.6,28600
1282,2024-01-29,20.39,21.22,20.39,20.94,11400
1281,2024-01-26,20.66,20.66,20.66,20.66,1062
1280,2024-01-25,21.22,21.22,20.48,20.48,1200
1279,2024-01-24,20.57,20.76,20.48,20.66,2212
1278,2024-01-23,20.3,20.48,20.2,20.48,7500
1277,2024-01-22,20.3,20.48,20.3,20.48,1237
1276,2024-01-19,20.2,20.3,20.2,20.3,3905
1275,2024-01-18,20.48,20.48,20.2,20.3,3400
1274,2024-01-17,20.39,20.57,20.39,20.48,7200
1273,2024-01-16,20.39,20.39,20.39,20.39,0
1272,2024-01-15,20.48,20.57,20.3,20.3,17500
1271,2024-01-12,20.48,20.94,20.48,20.66,3900
1270,2024-01-11,22.14,22.14,22.14,22.14,100
1269,2024-01-10,20.48,20.57,20.48,20.57,7500
1268,2024-01-09,20.48,20.57,20.48,20.57,1800
1267,2024-01-08,20.66,21.03,20.66,21.03,4708
1266,2024-01-05,20.48,21.03,20.2,20.94,11100
1265,2024-01-04,20.48,20.94,20.3,20.94,4108
1264,2024-01-03,20.66,21.22,20.66,20.76,2100
1263,2024-01-02,20.48,21.59,20.48,20.66,21800
1262,2023-12-29,21.03,21.03,20.3,20.39,8036
1261,2023-12-28,20.66,21.22,20.66,21.22,17200
1260,2023-12-27,20.66,20.94,20.66,20.94,2500
1259,2023-12-26,20.94,21.77,20.94,21.77,706
1258,2023-12-25,21.77,21.77,21.77,21.77,0
1257,2023-12-22,21.77,21.77,21.77,21.77,100
1256,2023-12-21,21.68,21.68,20.94,21.59,5700
1255,2023-12-20,21.77,21.77,21.77,21.77,100
1254,2023-12-19,20.57,21.77,20.57,21.4,3310
1253,2023-12-18,20.85,20.85,20.85,20.85,3100
1252,2023-12-15,22.33,22.33,20.57,20.76,1910
1251,2023-12-14,20.94,21.77,20.76,20.76,1710
1250,2023-12-13,21.77,21.77,21.03,21.03,10300
1249,2023-12-12,22.05,22.05,21.03,21.03,2700
1248,2023-12-11,21.4,21.4,21.22,21.22,4493
1247,2023-12-08,21.22,22.33,21.22,22.33,600
1246,2023-12-07,21.4,21.4,21.22,21.22,4622
1245,2023-12-06,21.13,21.86,21.13,21.4,3900
1244,2023-12-05,21.4,21.4,21.31,21.31,6800
1243,2023-12-04,21.31,21.4,21.22,21.4,6400
1242,2023-12-01,21.22,21.22,21.13,21.13,2100
1241,2023-11-30,21.22,21.5,21.22,21.22,7116
1240,2023-11-29,21.22,21.5,20.85,21.5,1205
1239,2023-11-28,21.22,21.22,21.22,21.22,2300
1238,2023-11-27,21.22,21.22,21.22,21.22,3400
1237,2023-11-24,21.22,21.22,20.85,21.22,6300
1236,2023-11-23,21.13,22.6,21.13,21.31,5401
1235,2023-11-22,21.13,21.4,20.76,21.22,5400
1234,2023-11-21,23.06,23.06,20.85,21.86,900
1233,2023-11-20,20.11,20.94,20.11,20.94,4606
1232,2023-11-17,21.13,21.13,20.57,21.03,3826
1231,2023-11-16,21.13,21.13,21.13,21.13,0
1230,2023-11-15,21.03,21.13,21.03,21.13,6898
1229,2023-11-14,20.85,21.5,20.66,21.13,18000
1228,2023-11-13,20.48,21.03,20.48,21.03,10100
1227,2023-11-10,21.22,21.5,20.48,20.48,6000
1226,2023-11-09,20.66,22.14,20.39,20.76,38800
1225,2023-11-08,19.65,20.76,19.65,20.76,9200
1224,2023-11-07,20.3,20.3,19.93,19.93,19700
1223,2023-11-06,20.02,20.02,19.93,19.93,11800
1222,2023-11-03,19.93,20.02,19.93,19.93,2900
1221,2023-11-02,22.33,22.33,19.93,21.03,10100
1220,2023-11-01,19.47,21.22,19.47,21.22,1300
1219,2023-10-31,19.83,21.13,19.1,19.1,12700
1218,2023-10-30,19.65,19.74,19.65,19.74,8500
1217,2023-10-27,19.83,19.83,19.65,19.65,6412
1216,2023-10-26,22.69,22.69,19.56,20.11,14250
1215,2023-10-25,20.3,21.03,20.3,21.03,6200
1214,2023-10-24,20.3,21.96,19.65,20.76,15910
1213,2023-10-23,22.05,22.05,22.05,22.05,100
1212,2023-10-20,20.11,20.11,19.83,19.83,17200
1211,2023-10-19,20.48,20.48,19.83,19.83,70200
1210,2023-10-18,20.94,20.94,20.39,20.39,41700
1209,2023-10-17,21.03,21.03,20.94,20.94,7200
1208,2023-10-16,21.22,21.22,20.94,20.94,17900
1207,2023-10-13,21.5,21.5,21.22,21.22,5100
1206,2023-10-12,20.66,21.59,20.66,21.5,18100
1205,2023-10-11,21.59,21.68,21.4,21.4,9300
1204,2023-10-10,21.22,22.05,21.22,21.22,8100
1203,2023-10-09,21.03,21.13,20.3,21.13,15800
1202,2023-10-06,20.57,20.57,20.3,20.48,15904
1201,2023-10-05,20.3,21.03,20.3,20.57,16900
1200,2023-10-04,21.03,21.03,20.3,20.66,18100
1199,2023-10-03,21.03,21.22,20.39,20.76,64900
1198,2023-10-02,21.31,21.31,20.94,20.94,20900
1197,2023-09-29,21.22,21.5,21.13,21.22,27510
1196,2023-09-28,21.68,21.68,21.13,21.13,5401
1195,2023-09-27,21.4,21.77,21.22,21.31,21800
1194,2023-09-26,21.59,21.96,21.22,21.22,42000
1193,2023-09-25,21.68,21.68,21.4,21.4,40500
1192,2023-09-22,21.86,22.14,21.4,21.77,62500
1191,2023-09-21,22.14,22.14,21.77,22.05,22200
1190,2023-09-20,21.96,22.14,21.96,22.14,18600
1189,2023-09-19,22.14,22.14,21.77,21.86,38700
1188,2023-09-18,22.23,22.23,22.14,22.14,12600
1187,2023-09-15,22.33,22.42,22.05,22.14,49300
1186,2023-09-14,22.88,22.88,22.23,22.69,66900
1185,2023-09-13,23.06,23.16,22.88,22.97,49604
1184,2023-09-12,23.25,23.25,23.06,23.16,10666
1183,2023-09-11,23.71,24.17,22.88,22.88,27200
1182,2023-09-08,23.06,24.26,22.97,23.16,62404
1181,2023-09-07,22.97,22.97,22.69,22.69,42700
1180,2023-09-06,22.88,23.34,22.6,22.69,43900
1179,2023-09-05,22.79,22.88,22.51,22.88,45113
1178,2023-08-31,22.33,22.88,22.33,22.51,15215
1177,2023-08-30,22.33,22.69,22.14,22.6,15900
1176,2023-08-29,22.97,22.97,22.14,22.69,16500
1175,2023-08-28,23.06,23.06,22.42,22.42,9300
1174,2023-08-25,22.42,22.69,22.33,22.69,11500
1173,2023-08-24,22.33,22.97,22.23,22.97,12600
1172,2023-08-23,22.6,22.6,22.14,22.14,22000
1171,2023-08-22,22.79,23.06,21.96,23.06,35200
1170,2023-08-21,22.23,23.52,22.05,22.14,69562
1169,2023-08-18,24.08,24.36,20.85,21.31,160200
1168,2023-08-17,24.36,24.82,24.26,24.45,21000
1167,2023-08-16,24.82,24.91,24.45,24.82,43800
1166,2023-08-15,24.91,25.37,23.99,24.91,58505
1165,2023-08-14,24.72,25.09,24.26,24.91,41930
1164,2023-08-11,24.91,25.19,23.99,24.72,70303
1163,2023-08-10,25.65,26.2,25.0,25.0,56000
1162,2023-08-09,25.19,25.83,25.19,25.65,58410
1161,2023-08-08,25.09,25.46,25.0,25.46,63762
1160,2023-08-07,24.72,25.28,24.72,25.09,43808
1159,2023-08-04,24.91,24.91,24.45,24.72,37820
1158,2023-08-03,25.0,25.0,24.72,24.72,39510
1157,2023-08-02,25.19,25.37,24.91,25.19,34700
1156,2023-08-01,25.37,26.29,25.19,25.19,66908
1155,2023-07-31,24.72,25.83,24.63,25.65,103018
1154,2023-07-28,24.72,25.09,24.63,24.72,28051
1153,2023-07-27,24.82,25.19,24.72,24.72,38912
1152,2023-07-26,24.72,24.82,24.54,24.82,33100
1151,2023-07-25,24.91,25.09,24.54,24.72,21400
1150,2023-07-24,24.82,25.37,24.82,24.82,36800
1149,2023-07-21,24.82,25.28,24.72,25.19,29400
1148,2023-07-20,25.28,25.28,24.63,24.63,32700
1147,2023-07-19,24.54,26.02,24.54,25.28,78769
1146,2023-07-18,23.8,24.54,23.8,24.54,53300
1145,2023-07-17,24.17,24.17,23.62,23.99,43200
1144,2023-07-14,23.8,23.99,23.71,23.99,35200
1143,2023-07-13,23.71,24.17,23.62,24.17,53900
1142,2023-07-12,23.99,23.99,23.43,23.8,36600
1141,2023-07-11,24.17,24.17,23.8,23.89,33317
1140,2023-07-10,23.71,24.36,23.71,24.26,17300
1139,2023-07-07,23.71,24.17,23.43,23.99,33200
1138,2023-07-06,24.08,24.08,23.52,23.52,7700
1137,2023-07-05,23.99,24.17,23.89,23.99,15600
1136,2023-07-04,24.26,24.45,23.16,23.99,15300
1135,2023-07-03,24.17,24.17,23.43,24.08,60700
1134,2023-06-30,24.26,24.45,24.17,24.26,11100
1133,2023-06-29,24.45,24.63,24.08,24.45,38400
1132,2023-06-28,24.82,25.37,24.54,24.82,56900
1131,2023-06-27,24.45,24.82,24.26,24.82,19911
1130,2023-06-26,24.45,24.45,23.99,24.45,49400
1129,2023-06-23,24.72,24.82,24.17,24.45,62117
1128,2023-06-22,26.75,26.75,24.45,24.82,61668
1127,2023-06-21,24.08,25.0,23.99,25.0,79681
1126,2023-06-20,24.36,24.45,23.99,24.17,36004
1125,2023-06-19,24.54,24.54,23.99,24.45,32900
1124,2023-06-16,24.91,25.19,24.26,24.45,51726
1123,2023-06-15,24.91,25.46,24.26,24.91,73503
1122,2023-06-14,25.92,25.92,24.91,24.91,43703
1121,2023-06-13,26.2,26.2,25.83,26.02,47400
1120,2023-06-12,25.37,26.75,25.37,26.29,110500
1119,2023-06-09,25.55,25.83,24.54,25.65,85205
1118,2023-06-08,24.91,26.66,24.91,25.92,180427
1117,2023-06-07,23.06,24.82,22.69,24.72,224107
1116,2023-06-06,21.96,22.69,21.96,22.69,74300
1115,2023-06-05,22.6,22.6,21.96,21.96,83300
1114,2023-06-02,23.52,24.08,22.05,22.88,50212
1113,2023-06-01,22.79,23.89,22.79,23.25,71200
1112,2023-05-31,21.4,22.88,21.22,22.79,157400
1111,2023-05-30,21.31,21.96,21.22,21.86,59800
1110,2023-05-29,22.05,22.14,21.22,21.22,80842
1109,2023-05-26,22.51,22.6,21.77,21.86,22000
1108,2023-05-25,21.4,23.06,21.31,22.33,39100
1107,2023-05-24,21.31,21.96,21.22,21.86,15800
1106,2023-05-23,21.22,21.4,21.22,21.4,8100
1105,2023-05-22,21.77,21.77,21.22,21.22,21000
1104,2023-05-19,21.22,22.14,21.22,21.22,9400
1103,2023-05-18,21.22,21.59,21.13,21.22,15900
1102,2023-05-17,21.22,21.31,21.13,21.22,18200
1101,2023-05-16,21.22,21.4,21.13,21.22,63702
1100,2023-05-15,21.58,21.58,21.22,21.22,36500
1099,2023-05-12,21.58,21.58,21.13,21.58,27700
1098,2023-05-11,21.49,21.49,21.4,21.4,14900
1097,2023-05-10,22.12,22.12,21.31,21.31,36900
1096,2023-05-09,21.67,22.12,21.4,22.12,13902
1095,2023-05-08,21.4,21.67,21.13,21.4,38800
1094,2023-05-05,21.22,21.49,20.77,21.4,14100
1093,2023-05-04,20.95,21.94,20.95,20.95,24800
1092,2023-04-28,21.85,22.3,21.76,21.76,29500
1091,2023-04-27,21.94,21.94,21.67,21.76,26000
1090,2023-04-26,21.76,22.3,21.67,22.3,3500
1089,2023-04-25,21.76,22.39,21.76,22.21,18700
1088,2023-04-24,21.76,21.94,21.67,21.67,39100
1087,2023-04-21,22.48,22.48,22.3,22.3,11500
1086,2023-04-20,22.57,22.57,22.21,22.3,19700
1085,2023-04-19,22.66,22.66,22.57,22.57,11707
1084,2023-04-18,21.76,22.66,21.67,22.66,7500
1083,2023-04-17,22.57,22.57,22.48,22.57,10900
1082,2023-04-14,22.66,22.66,22.57,22.57,17700
1081,2023-04-13,22.57,22.66,21.94,22.66,4800
1080,2023-04-12,22.66,23.2,22.66,23.2,27700
1079,2023-04-11,22.57,23.02,22.57,22.57,10900
1078,2023-04-10,22.39,23.38,22.39,23.29,47400
1077,2023-04-07,22.39,22.39,22.3,22.3,22946
1076,2023-04-06,22.48,22.57,22.21,22.3,31201
1075,2023-04-05,22.3,23.2,22.3,23.02,31429
1074,2023-04-04,22.3,22.39,22.3,22.39,10408
1073,2023-04-03,22.75,22.75,22.3,22.57,36800
1072,2023-03-31,22.3,22.39,22.3,22.3,6300
1071,2023-03-30,22.39,22.57,22.39,22.48,21300
1070,2023-03-29,22.57,22.57,22.39,22.57,12900
1069,2023-03-28,22.66,22.75,22.39,22.57,12800
1068,2023-03-27,23.02,23.02,22.12,22.12,10403
1067,2023-03-24,22.75,22.93,22.75,22.93,16300
1066,2023-03-23,22.75,22.75,22.66,22.66,12900
1065,2023-03-22,22.75,22.75,22.75,22.75,11100
1064,2023-03-21,22.75,22.75,22.75,22.75,6902
1063,2023-03-20,22.75,22.75,22.66,22.66,13703
1062,2023-03-17,22.84,22.84,22.75,22.75,11807
1061,2023-03-16,22.57,22.57,22.57,22.57,600
1060,2023-03-15,22.75,23.11,22.75,22.84,2200
1059,2023-03-14,22.75,22.75,22.75,22.75,4500
1058,2023-03-13,22.12,23.11,22.12,23.11,9200
1057,2023-03-10,22.93,24.38,22.93,23.84,915
1056,2023-03-09,22.12,23.48,22.12,23.48,12300
1055,2023-03-08,21.94,22.84,21.94,22.84,200
1054,2023-03-07,22.57,23.11,21.67,22.75,15800
1053,2023-03-06,23.02,23.02,23.02,23.02,2000
1052,2023-03-03,22.57,22.75,22.57,22.75,500
1051,2023-03-02,23.02,23.02,23.02,23.02,0
1050,2023-03-01,23.75,23.75,23.02,23.11,4100
1049,2023-02-28,23.02,25.64,22.75,25.64,400
1048,2023-02-27,22.39,23.02,22.39,23.02,10200
1047,2023-02-24,23.02,23.02,23.02,23.02,3500
1046,2023-02-23,22.57,23.11,22.57,23.11,17700
1045,2023-02-22,23.2,23.2,22.93,23.11,3600
1044,2023-02-21,23.29,23.38,23.29,23.29,700
1043,2023-02-20,22.39,23.75,22.12,23.48,32100
1042,2023-02-17,22.21,23.75,22.21,23.75,17000
1041,2023-02-16,23.84,23.84,23.84,23.84,100
1040,2023-02-15,23.11,23.2,23.11,23.2,6800
1039,2023-02-14,23.11,23.11,23.11,23.11,0
1038,2023-02-13,23.57,23.57,22.39,23.38,42600
1037,2023-02-10,23.66,23.66,23.48,23.48,12700
1036,2023-02-09,23.57,23.66,23.48,23.48,11500
1035,2023-02-08,23.57,23.57,23.48,23.57,10300
1034,2023-02-07,23.84,25.19,23.48,23.48,37103
1033,2023-02-06,23.66,24.02,23.48,23.93,16000
1032,2023-02-03,23.66,23.75,23.57,23.66,8900
1031,2023-02-02,23.57,23.57,23.57,23.57,600
1030,2023-02-01,23.75,25.19,23.48,23.48,41600
1029,2023-01-31,24.56,24.56,23.48,24.29,10100
1028,2023-01-30,24.2,24.56,24.2,24.56,1200
1027,2023-01-27,24.2,24.2,23.57,24.2,4100
1026,2023-01-19,24.2,24.38,24.11,24.11,3900
1025,2023-01-18,24.11,24.11,24.11,24.11,2900
1024,2023-01-17,23.66,24.38,23.66,24.38,3100
1023,2023-01-16,23.75,23.75,23.48,23.66,8900
1022,2023-01-13,23.75,23.75,23.75,23.75,5600
1021,2023-01-12,23.2,24.29,23.2,23.75,10000
1020,2023-01-11,23.57,23.57,23.48,23.57,9300
1019,2023-01-10,23.48,23.48,23.48,23.48,11100
1018,2023-01-09,23.38,23.48,23.38,23.48,3500
1017,2023-01-06,23.38,23.75,23.38,23.48,21700
1016,2023-01-05,23.38,23.38,23.29,23.29,200
1015,2023-01-04,23.93,23.93,23.48,23.93,6700
1014,2023-01-03,23.29,23.93,23.02,23.93,8010
1013,2022-12-30,24.11,24.11,23.2,23.2,600
1012,2022-12-29,24.2,24.2,23.93,23.93,2600
1011,2022-12-28,26.64,27.81,23.93,23.93,14100
1010,2022-12-27,25.73,27.81,23.11,23.66,66610
1009,2022-12-26,24.65,26.91,21.67,26.91,45300
1008,2022-12-23,23.84,25.28,22.93,25.28,16000
1007,2022-12-22,22.93,23.02,22.75,23.02,10300
1006,2022-12-21,23.02,23.02,22.75,22.93,10300
1005,2022-12-20,22.66,23.57,22.66,23.02,7700
1004,2022-12-19,24.83,24.83,23.02,24.29,12710
1003,2022-12-16,23.66,24.83,23.29,23.48,7500
1002,2022-12-15,23.75,25.46,23.48,23.75,12305
1001,2022-12-14,23.84,24.38,23.48,23.48,14500
1000,2022-12-13,23.48,24.02,23.48,24.02,800
999,2022-12-12,24.83,24.83,23.66,23.66,900
998,2022-12-09,24.83,24.83,24.74,24.83,1100
997,2022-12-08,25.91,25.91,23.11,23.11,6110
996,2022-12-07,24.38,24.38,23.02,23.48,21700
995,2022-12-06,26.09,26.18,24.38,24.38,25511
994,2022-12-05,29.8,29.8,25.28,27.45,12700
993,2022-12-02,25.19,27.81,25.19,27.54,67510
992,2022-12-01,22.3,25.19,22.3,25.19,59934
991,2022-11-30,22.57,22.57,21.67,22.48,19320
990,2022-11-29,22.12,22.57,21.67,22.03,34100
989,2022-11-28,21.67,22.39,21.67,21.67,15600
988,2022-11-25,20.68,20.95,20.68,20.68,8900
987,2022-11-24,20.59,20.95,19.86,20.59,3500
986,2022-11-23,21.22,21.58,20.5,20.5,21900
985,2022-11-22,21.85,22.48,20.95,20.95,45700
984,2022-11-21,21.04,23.38,20.77,21.85,21300
983,2022-11-18,21.13,21.13,20.95,20.95,1100
982,2022-11-17,20.77,20.77,20.04,20.04,20000
981,2022-11-16,19.86,21.13,17.88,20.77,120310
980,2022-11-15,22.93,22.93,20.59,20.59,115907
979,2022-11-14,23.57,26.82,22.93,22.93,42900
978,2022-11-11,26.82,26.82,25.73,25.73,12200
977,2022-11-10,25.46,26.18,24.11,24.11,22610
976,2022-11-09,27.9,27.9,25.46,25.46,11200
975,2022-11-08,28.26,28.26,26.18,26.18,18200
974,2022-11-07,27.18,28.62,25.73,25.73,29000
973,2022-11-04,25.37,27.54,25.37,27.54,2100
972,2022-11-03,27.09,27.9,26.27,27.09,945
971,2022-11-02,27.99,27.99,27.99,27.99,900
970,2022-11-01,28.08,28.44,27.09,28.44,1410
969,2022-10-31,26.27,28.44,26.27,28.26,6900
968,2022-10-28,28.17,31.51,27.27,27.27,4400
967,2022-10-27,28.8,29.34,28.8,29.34,4300
966,2022-10-26,28.17,29.8,25.28,25.28,9100
965,2022-10-25,27.99,30.7,27.36,29.98,58705
964,2022-10-24,30.16,32.5,27.63,27.81,27610
963,2022-10-21,32.05,32.05,28.89,30.25,14301
962,2022-10-20,30.7,32.41,30.7,31.51,7600
961,2022-10-19,31.69,33.41,29.89,30.7,44898
960,2022-10-18,34.94,35.12,34.85,34.85,1600
959,2022-10-17,35.03,35.12,35.03,35.12,400
958,2022-10-14,33.41,35.93,33.41,35.84,33000
957,2022-10-13,35.75,36.84,35.75,36.84,3400
956,2022-10-12,32.59,36.57,31.78,34.31,24117
955,2022-10-11,36.03,37.29,35.21,35.21,20340
954,2022-10-10,36.57,36.57,35.21,35.66,2706
953,2022-10-07,39.64,39.64,34.76,34.76,27600
952,2022-10-06,33.41,37.92,32.5,36.93,29430
951,2022-10-05,34.31,37.92,34.31,37.83,10815
950,2022-10-04,34.85,34.85,33.95,33.95,9015
949,2022-10-03,35.84,35.84,34.58,34.58,8810
948,2022-09-30,35.66,38.01,34.31,37.92,53362
947,2022-09-29,37.38,40.18,37.02,37.38,74100
946,2022-09-28,39.37,39.73,38.37,38.37,6900
945,2022-09-27,38.37,40.63,38.37,40.27,5600
944,2022-09-26,38.73,38.82,38.55,38.55,93300
943,2022-09-23,38.82,41.35,37.47,40.63,29300
942,2022-09-22,37.2,40.63,37.2,40.18,49000
941,2022-09-21,38.55,40.9,38.55,39.0,19700
940,2022-09-20,39.28,40.36,39.0,39.46,15806
939,2022-09-19,40.36,40.54,39.0,39.37,20300
938,2022-09-16,42.07,42.07,39.82,40.09,13800
937,2022-09-15,42.07,42.44,41.08,41.08,15415
936,2022-09-14,41.98,42.35,40.09,40.18,25900
935,2022-09-13,41.98,42.35,41.98,42.16,10400
934,2022-09-12,42.44,42.53,41.35,41.98,23100
933,2022-09-09,40.63,43.34,40.63,43.34,36000
932,2022-09-08,39.73,40.72,39.73,40.63,85600
931,2022-09-07,43.25,43.25,41.08,41.08,32500
930,2022-09-06,43.34,43.7,42.89,43.07,68200
929,2022-09-05,44.24,44.24,43.79,43.79,38100
928,2022-08-31,43.43,45.05,43.43,45.05,20400
927,2022-08-30,43.34,46.95,43.34,44.33,43500
926,2022-08-29,39.73,43.34,39.73,43.16,56000
925,2022-08-26,43.52,43.52,43.25,43.34,37700
924,2022-08-25,42.71,43.7,42.71,43.52,28200
923,2022-08-24,43.43,43.43,41.98,42.44,21800
922,2022-08-23,38.37,43.61,38.37,43.61,123500
921,2022-08-22,43.88,44.15,43.34,43.88,44800
920,2022-08-19,44.24,44.24,42.44,43.34,66100
919,2022-08-18,44.24,44.33,44.24,44.24,18000
918,2022-08-17,46.05,46.05,43.34,44.24,51108
917,2022-08-16,44.42,46.05,44.24,45.87,47902
916,2022-08-15,42.44,45.05,42.44,45.05,68010
915,2022-08-12,42.35,42.89,41.98,42.89,40400
914,2022-08-11,41.44,41.53,41.09,41.53,52700
913,2022-08-10,41.18,41.97,41.09,41.09,30300
912,2022-08-09,39.06,41.97,39.06,41.09,28000
911,2022-08-08,40.65,41.36,40.65,41.09,47400
910,2022-08-05,39.76,40.29,38.0,39.85,9200
909,2022-08-04,36.23,41.97,34.46,40.03,167000
908,2022-08-03,38.0,41.53,38.0,41.53,80700
907,2022-08-02,37.29,39.32,37.29,38.17,54600
906,2022-08-01,38.88,38.88,37.2,38.26,46000
905,2022-07-29,38.35,39.76,38.0,38.79,43300
904,2022-07-28,37.29,39.32,36.14,39.15,93900
903,2022-07-27,35.43,38.26,35.35,37.64,53900
902,2022-07-26,32.96,35.79,32.96,35.79,82900
901,2022-07-25,33.31,34.46,30.04,33.58,140700
900,2022-07-22,32.52,35.79,32.34,34.02,229400
899,2022-07-21,34.64,34.64,31.9,31.9,81000
898,2022-07-20,34.29,35.35,33.58,35.17,120732
897,2022-07-19,32.7,34.46,31.81,34.29,109200
896,2022-07-18,29.43,32.7,29.43,32.7,124500
895,2022-07-15,28.1,30.04,28.1,30.04,56300
894,2022-07-14,28.45,28.98,27.39,28.19,8510
893,2022-07-13,27.75,28.72,27.75,28.28,6900
892,2022-07-12,27.48,29.16,27.39,29.16,44600
891,2022-07-11,29.87,29.87,27.92,27.92,10174
890,2022-07-08,27.04,29.16,26.95,29.16,40300
889,2022-07-07,25.8,28.45,25.8,28.45,54000
888,2022-07-06,25.63,26.16,24.57,25.63,15800
887,2022-07-05,26.24,27.13,23.42,24.3,206900
886,2022-07-04,28.81,28.81,24.74,25.89,112504
885,2022-07-01,28.45,29.87,28.45,29.87,7500
884,2022-06-30,30.13,32.52,28.72,29.16,63202
883,2022-06-29,27.39,31.19,27.3,31.1,110100
882,2022-06-28,29.07,29.07,27.39,28.63,35608
881,2022-06-27,24.74,28.81,24.74,28.72,19900
880,2022-06-24,26.33,29.16,24.74,29.16,166300
879,2022-06-23,24.39,26.95,24.3,26.95,48900
878,2022-06-22,25.01,25.63,21.3,25.63,58100
877,2022-06-21,25.98,27.04,24.04,25.18,182600
876,2022-06-20,28.98,28.98,26.51,27.39,88200
875,2022-06-17,30.75,30.75,28.37,30.04,44100
874,2022-06-16,29.34,30.75,29.16,30.49,30600
873,2022-06-15,32.08,33.14,28.01,29.51,113501
872,2022-06-14,31.19,32.43,31.19,31.55,15100
871,2022-06-13,32.7,32.7,31.72,31.72,87900
870,2022-06-10,34.82,34.82,33.23,33.31,67100
869,2022-06-09,33.58,34.37,33.58,33.58,20600
868,2022-06-08,32.78,34.64,32.78,34.2,47600
867,2022-06-07,33.14,33.76,32.52,33.76,51000
866,2022-06-06,32.78,34.82,32.08,34.11,68100
865,2022-06-03,33.84,34.55,33.58,34.02,41700
864,2022-06-02,33.76,34.9,33.76,34.11,23800
863,2022-06-01,34.11,35.35,34.11,34.55,19000
862,2022-05-31,34.46,35.43,34.2,34.73,89800
861,2022-05-30,36.23,36.23,33.84,35.35,114500
860,2022-05-27,35.43,35.79,34.82,35.26,45700
859,2022-05-26,34.46,36.05,34.46,35.43,63900
858,2022-05-25,33.49,35.35,32.52,35.35,180800
857,2022-05-24,33.4,33.4,31.63,33.23,31701
856,2022-05-23,33.31,33.49,32.78,33.4,28600
855,2022-05-20,33.14,33.67,32.34,33.58,29600
854,2022-05-19,32.52,33.67,30.31,33.58,41300
853,2022-05-18,32.78,34.9,32.78,34.9,110600
852,2022-05-17,31.46,34.46,31.46,33.76,90200
851,2022-05-16,30.93,32.25,30.93,31.55,38300
850,2022-05-13,31.1,32.25,31.02,31.46,104800
849,2022-05-12,32.34,32.43,31.37,32.25,95200
848,2022-05-11,31.81,33.58,30.57,33.58,130100
847,2022-05-10,30.4,32.34,30.4,32.25,82300
846,2022-05-09,32.78,32.78,29.78,30.93,201509
845,2022-05-06,34.02,34.02,32.25,33.14,83600
844,2022-05-05,34.82,34.9,33.14,34.2,80310
843,2022-05-04,36.23,36.23,34.2,34.2,366000
842,2022-04-29,36.67,37.56,35.88,36.23,114420
841,2022-04-28,34.99,36.23,34.46,35.43,76700
840,2022-04-27,31.81,35.26,30.75,35.26,274100
839,2022-04-26,31.81,32.25,30.04,31.81,315100
838,2022-04-25,34.37,35.35,30.93,32.87,208400
837,2022-04-22,34.2,35.35,32.61,34.37,119130
836,2022-04-21,33.76,36.85,31.37,33.58,259400
835,2022-04-20,38.0,38.44,35.52,35.79,193500
834,2022-04-19,40.65,41.53,36.76,38.88,276500
833,2022-04-18,43.83,43.83,38.09,40.65,256300
832,2022-04-15,44.09,44.71,43.3,44.09,107900
831,2022-04-14,44.27,45.07,43.56,43.92,89533
830,2022-04-13,43.3,44.98,42.77,44.54,160211
829,2022-04-12,43.65,44.18,42.77,43.03,170655
828,2022-04-08,44.18,45.95,43.3,43.48,259675
827,2022-04-07,48.6,51.25,45.07,45.33,558020
826,2022-04-06,53.02,54.52,52.14,52.58,304700
825,2022-04-05,54.61,54.61,53.28,53.28,140726
824,2022-04-04,52.58,55.23,52.05,54.7,329715
823,2022-04-01,52.58,53.46,51.69,52.58,182100
822,2022-03-31,48.51,52.84,48.25,52.67,522432
821,2022-03-30,49.22,49.66,47.72,48.51,182163
820,2022-03-29,48.42,49.93,47.89,49.31,117810
819,2022-03-28,49.93,49.93,47.28,48.42,270000
818,2022-03-25,49.48,50.37,49.31,49.93,177960
817,2022-03-24,47.72,49.93,47.63,49.4,264519
816,2022-03-23,47.81,48.42,47.63,47.72,91200
815,2022-03-22,47.72,49.04,47.28,47.72,220600
814,2022-03-21,46.66,48.16,45.51,47.81,190718
813,2022-03-18,45.77,46.39,45.77,45.77,34413
812,2022-03-17,45.51,45.95,45.51,45.86,49600
811,2022-03-16,45.15,45.95,44.62,45.07,32040
810,2022-03-15,44.36,45.24,43.92,45.07,48500
809,2022-03-14,45.07,45.07,43.3,44.18,118405
808,2022-03-11,45.95,46.75,44.01,45.07,168100
807,2022-03-10,46.66,47.72,46.3,46.66,82300
806,2022-03-09,47.72,47.72,44.89,46.22,220358
805,2022-03-08,50.01,50.01,47.63,47.72,182039
804,2022-03-07,49.04,51.25,49.04,50.1,175069
803,2022-03-04,47.89,49.66,47.36,49.22,227800
802,2022-03-03,48.42,48.6,47.63,48.16,152524
801,2022-03-02,47.89,49.93,46.83,48.42,119700
800,2022-03-01,49.04,49.4,47.72,47.89,187537
799,2022-02-28,49.04,50.55,49.04,49.4,168110
798,2022-02-25,47.45,50.1,47.45,48.69,175069
797,2022-02-24,45.86,49.48,45.07,47.89,368338
796,2022-02-23,44.09,45.95,43.74,45.51,156609
795,2022-02-22,45.33,45.33,43.39,44.09,72500
794,2022-02-21,44.18,45.42,44.18,45.33,110811
793,2022-02-18,44.18,44.62,43.83,44.45,85000
792,2022-02-17,43.74,45.51,43.74,44.18,95030
791,2022-02-16,43.3,44.01,43.03,43.74,117800
790,2022-02-15,43.3,43.92,42.42,43.3,105775
789,2022-02-14,44.27,44.27,43.3,43.3,92500
788,2022-02-11,44.01,45.86,43.74,44.54,86600
787,2022-02-10,42.59,45.07,42.42,44.01,118052
786,2022-02-09,43.74,44.09,42.06,43.12,285010
785,2022-02-08,43.92,44.98,42.5,43.03,26700
784,2022-02-07,41.53,46.83,41.53,44.45,39300
783,2022-01-28,43.92,43.92,40.03,41.44,191550
782,2022-01-27,44.27,45.95,42.86,42.86,159800
781,2022-01-26,45.77,46.92,45.51,45.51,81400
780,2022-01-25,45.15,46.83,44.89,46.04,65650
779,2022-01-24,48.51,48.51,45.07,45.15,115426
778,2022-01-21,46.83,48.6,46.75,48.51,69900
777,2022-01-20,44.98,48.34,44.89,46.83,94800
776,2022-01-19,46.83,46.92,43.39,45.24,219445
775,2022-01-18,49.04,49.57,44.54,46.22,213940
774,2022-01-17,52.75,54.61,48.16,50.28,194600
773,2022-01-14,52.14,53.64,50.37,52.75,229800
772,2022-01-13,54.79,56.11,51.25,53.37,223676
771,2022-01-12,53.2,56.38,51.25,54.7,397520
770,2022-01-11,51.25,55.05,50.37,54.34,288179
769,2022-01-10,48.34,54.79,48.34,50.37,408900
768,2022-01-07,47.72,50.37,47.45,48.25,191400
767,2022-01-06,48.6,50.72,47.01,48.16,131300
766,2022-01-05,50.63,50.63,48.6,49.57,146771
765,2022-01-04,52.05,52.05,49.48,50.55,92850
764,2021-12-31,51.25,53.81,49.57,50.63,145600
763,2021-12-30,46.83,51.34,46.39,50.72,162014
762,2021-12-29,46.83,47.72,45.95,46.48,116320
761,2021-12-28,47.98,48.78,46.39,47.98,90451
760,2021-12-27,46.92,48.6,45.07,47.72,69800
759,2021-12-24,44.27,48.6,43.3,48.16,124244
758,2021-12-23,51.16,51.16,44.18,44.18,371010
757,2021-12-22,52.58,52.67,48.25,49.57,320655
756,2021-12-21,53.02,53.9,51.87,52.49,137900
755,2021-12-20,55.23,56.91,53.46,54.34,103134
754,2021-12-17,53.99,56.55,53.99,55.05,203470
753,2021-12-16,53.9,55.67,53.02,53.9,121400
752,2021-12-15,55.41,56.64,53.02,54.08,160993
751,2021-12-14,52.14,54.79,52.14,54.43,174112
750,2021-12-13,45.51,51.61,44.18,51.25,209530
749,2021-12-10,45.07,45.24,44.62,45.07,79052
748,2021-12-09,45.24,45.95,44.27,45.07,65590
747,2021-12-08,45.95,46.83,44.45,45.86,39264
746,2021-12-07,42.42,45.86,41.62,45.51,110330
745,2021-12-06,48.6,48.6,41.09,41.36,348422
744,2021-12-03,52.31,52.49,44.62,48.95,251990
743,2021-12-02,52.67,52.93,51.78,52.22,63309
742,2021-12-01,53.11,53.11,51.69,52.58,91700
741,2021-11-30,53.02,53.28,52.14,53.02,78100
740,2021-11-29,51.69,54.96,49.4,51.69,193098
739,2021-11-26,53.02,54.79,52.14,52.49,141100
738,2021-11-25,53.9,56.02,52.58,53.28,127301
737,2021-11-24,57.44,58.32,54.7,54.79,100406
736,2021-11-23,48.69,59.38,48.6,54.34,182029
735,2021-11-22,58.23,58.23,49.48,49.48,400816
734,2021-11-19,60.09,60.09,56.55,58.23,458100
733,2021-11-18,60.09,61.86,59.21,59.91,462721
732,2021-11-17,61.86,62.92,60.09,60.09,432455
731,2021-11-16,67.16,67.16,61.41,61.41,325757
730,2021-11-15,62.74,66.72,61.86,64.51,498423
729,2021-11-12,61.86,62.74,60.09,61.33,221200
728,2021-11-11,59.82,63.27,59.21,61.33,249366
727,2021-11-10,57.88,61.77,57.88,60.97,184277
726,2021-11-09,67.16,68.93,57.79,57.79,583022
725,2021-11-08,69.81,73.34,64.51,66.27,424614
724,2021-11-05,68.93,72.02,66.27,68.93,204845
723,2021-11-04,61.15,66.63,57.44,65.92,372609
722,2021-11-03,63.53,69.81,60.88,61.15,421900
721,2021-11-02,60.09,64.51,60.09,63.53,340061
720,2021-11-01,53.46,59.21,53.02,56.38,423103
719,2021-10-29,52.14,53.46,51.25,52.14,172407
718,2021-10-28,49.04,51.25,48.78,50.37,290980
717,2021-10-27,47.54,49.48,47.54,47.81,188529
716,2021-10-26,48.6,48.6,45.95,47.54,183700
715,2021-10-25,41.97,46.75,41.97,45.51,207944
714,2021-10-22,41.44,43.74,39.76,41.97,178687
713,2021-10-21,41.53,41.8,40.21,41.44,144908
712,2021-10-20,38.88,42.42,38.44,41.09,346174
711,2021-10-19,36.23,38.79,35.17,38.44,171411
710,2021-10-18,34.46,36.23,34.02,36.23,58877
709,2021-10-15,35.7,36.32,34.55,34.9,54700
708,2021-10-14,35.35,37.11,34.11,36.23,84000
707,2021-10-13,35.08,37.91,34.02,34.82,118100
706,2021-10-12,30.93,35.08,30.93,35.08,302000
705,2021-10-11,28.28,32.17,28.28,30.93,102661
704,2021-10-08,27.39,28.54,27.39,28.1,46100
703,2021-10-07,26.86,27.57,26.86,27.39,42600
702,2021-10-06,26.69,27.3,26.6,26.86,97700
701,2021-10-05,26.16,26.95,26.07,26.69,61337
700,2021-10-04,26.16,26.51,25.98,25.98,82400
699,2021-10-01,25.8,26.16,25.63,26.16,83500
698,2021-09-30,26.33,26.33,25.63,25.98,48400
697,2021-09-29,26.24,26.42,25.45,25.89,93400
696,2021-09-28,25.8,26.16,25.18,26.07,96000
695,2021-09-27,26.33,26.51,25.36,25.98,91312
694,2021-09-24,26.51,26.51,25.98,26.33,19442
693,2021-09-23,26.51,26.77,26.24,26.33,95568
692,2021-09-22,26.51,26.51,25.8,26.33,43822
691,2021-09-21,26.69,26.69,25.36,26.24,44200
690,2021-09-20,25.8,26.51,25.8,26.33,51245
689,2021-09-17,25.89,26.95,25.89,26.51,61910
688,2021-09-16,26.42,26.42,25.63,26.42,31600
687,2021-09-15,26.24,26.69,25.63,26.33,45000
686,2021-09-14,26.51,27.04,26.33,26.77,61016
685,2021-09-13,26.51,26.95,25.98,26.51,91900
684,2021-09-10,26.69,27.22,26.07,26.95,54400
683,2021-09-09,27.39,27.39,26.07,27.39,22710
682,2021-09-08,26.51,27.3,25.8,26.51,46000
681,2021-09-07,27.39,27.57,26.69,27.22,62100
680,2021-09-06,26.42,28.1,26.42,28.1,116918
679,2021-09-01,25.8,27.22,25.71,26.51,72700
678,2021-08-31,25.18,25.89,25.01,25.8,71000
677,2021-08-30,24.74,25.27,24.74,24.83,33010
676,2021-08-27,24.57,24.92,24.57,24.92,51600
675,2021-08-26,24.74,24.74,24.57,24.65,43900
674,2021-08-25,24.57,24.74,24.48,24.74,28700
673,2021-08-24,24.74,25.01,24.39,24.57,16600
672,2021-08-23,25.1,25.18,24.57,24.57,47100
671,2021-08-20,25.63,25.63,25.18,25.18,29000
670,2021-08-19,25.54,26.07,25.45,25.63,41100
669,2021-08-18,26.33,26.33,25.36,25.45,65800
668,2021-08-17,25.98,26.51,25.63,26.16,23834
667,2021-08-16,25.45,26.86,25.45,26.07,28276
666,2021-08-13,25.27,25.8,25.27,25.8,56100
665,2021-08-12,22.62,26.0,21.75,25.39,240310
664,2021-08-11,26.34,27.04,24.87,26.26,189610
663,2021-08-10,25.22,27.56,25.13,26.08,130500
662,2021-08-09,25.56,25.65,24.78,25.65,51345
661,2021-08-06,25.13,25.56,24.7,25.56,131510
660,2021-08-05,25.13,25.13,24.7,25.13,22700
659,2021-08-04,25.04,25.13,24.7,25.13,26500
658,2021-08-03,24.78,25.39,24.7,25.39,92100
657,2021-08-02,24.61,25.13,24.61,25.04,74500
656,2021-07-30,24.7,25.13,24.52,25.13,99431
655,2021-07-29,24.52,25.22,24.52,25.22,76600
654,2021-07-28,24.52,25.13,24.35,25.13,99900
653,2021-07-27,24.52,25.56,24.52,24.7,41100
652,2021-07-26,24.52,25.13,24.52,25.13,38400
651,2021-07-23,24.26,25.56,23.48,24.87,207900
650,2021-07-22,25.3,26.52,24.78,25.74,297600
649,2021-07-21,24.52,25.91,24.52,25.91,211400
648,2021-07-20,24.7,25.13,24.35,25.13,114500
647,2021-07-19,24.78,24.96,24.26,24.96,91900
646,2021-07-16,24.7,24.78,24.09,24.26,47100
645,2021-07-15,24.26,25.13,24.09,25.13,80513
644,2021-07-14,23.92,25.13,23.57,25.13,117800
643,2021-07-13,20.89,25.04,20.89,25.04,154950
642,2021-07-12,24.26,25.65,23.48,25.65,341900
641,2021-07-09,24.78,25.13,23.05,25.13,213500
640,2021-07-08,23.83,24.44,23.4,24.44,58800
639,2021-07-07,24.0,25.04,20.89,23.92,244000
638,2021-07-06,25.04,25.13,22.96,25.13,319100
637,2021-07-05,24.35,24.78,21.84,24.78,346000
636,2021-07-02,24.7,25.13,24.52,24.61,43900
635,2021-07-01,24.44,25.13,24.44,24.44,32800
634,2021-06-30,26.0,26.0,22.01,24.61,320600
633,2021-06-29,25.3,26.17,24.96,26.0,162500
632,2021-06-28,24.7,25.13,24.52,25.13,73900
631,2021-06-25,24.87,24.87,24.7,24.7,17410
630,2021-06-24,25.22,25.22,24.52,24.7,39400
629,2021-06-23,26.0,26.0,25.04,25.13,15102
628,2021-06-22,24.78,26.17,24.7,25.91,281100
627,2021-06-21,25.13,25.3,24.78,25.13,58400
626,2021-06-18,25.13,25.39,24.61,25.39,74255
625,2021-06-17,25.13,25.39,24.44,25.13,45400
624,2021-06-16,25.13,26.34,24.78,24.96,39460
623,2021-06-15,26.43,26.86,22.19,25.39,295131
622,2021-06-14,24.7,27.3,24.7,26.0,253415
621,2021-06-11,24.52,24.61,24.0,24.61,36959
620,2021-06-10,24.61,25.13,24.52,24.52,34000
619,2021-06-09,24.35,25.04,24.18,24.7,22945
618,2021-06-08,24.26,26.0,23.92,25.48,143100
617,2021-06-07,24.26,24.7,23.48,23.83,81320
616,2021-06-04,24.96,25.04,23.92,24.26,66024
615,2021-06-03,24.7,25.22,24.52,25.04,52601
614,2021-06-02,23.4,25.56,23.22,25.22,85610
613,2021-06-01,24.44,24.7,23.4,23.92,86700
612,2021-05-31,25.91,25.91,24.26,24.78,53220
611,2021-05-28,29.38,29.38,25.13,25.82,96098
610,2021-05-27,26.0,26.0,24.26,26.0,409408
609,2021-05-26,22.62,22.62,22.62,22.62,15084
608,2021-05-25,19.67,19.67,19.67,19.67,6500
607,2021-05-24,17.16,17.16,17.16,17.16,18900
606,2021-05-21,18.98,18.98,14.13,18.98,483714
605,2021-05-20,18.72,21.41,15.86,21.41,1017000
604,2021-05-19,19.15,22.53,18.11,21.23,681800
603,2021-05-18,22.36,22.53,20.97,21.84,259400
602,2021-05-17,22.53,23.14,22.19,22.36,84600
601,2021-05-14,22.53,23.4,22.19,22.53,58000
600,2021-05-13,22.96,23.83,21.84,21.84,210500
599,2021-05-12,20.8,23.31,20.8,23.22,150300
598,2021-05-11,22.1,23.4,20.02,22.62,522305
597,2021-05-10,22.96,23.83,22.88,23.66,40100
596,2021-05-07,24.09,24.96,21.84,23.83,264000
595,2021-05-06,24.26,24.7,20.8,24.26,316600
594,2021-05-05,24.26,24.87,24.26,24.87,66767
593,2021-05-04,24.78,25.82,23.92,24.18,144700
592,2021-04-29,26.0,26.34,24.44,25.13,131400
591,2021-04-28,25.13,26.0,25.13,25.13,32600
590,2021-04-27,25.91,25.91,24.44,25.13,109401
589,2021-04-26,25.48,26.08,25.48,25.82,75814
588,2021-04-23,25.91,26.86,25.3,26.86,134500
587,2021-04-22,27.99,27.99,26.0,26.43,102336
586,2021-04-20,26.26,28.25,26.26,27.9,260901
585,2021-04-19,27.73,28.77,22.7,27.47,250333
584,2021-04-16,24.87,26.78,24.7,26.78,167510
583,2021-04-15,21.75,26.86,21.75,24.7,563369
582,2021-04-14,26.34,26.69,23.83,25.91,295450
581,2021-04-13,27.47,27.47,24.26,26.86,283015
580,2021-04-12,27.73,27.73,27.3,27.47,127812
579,2021-04-09,28.16,28.25,27.47,27.47,70605
578,2021-04-08,27.73,28.25,27.38,28.25,71700
577,2021-04-07,28.42,28.42,27.21,27.9,67123
576,2021-04-06,27.47,28.6,27.21,27.47,82987
575,2021-04-05,29.03,29.03,25.13,27.47,250100
574,2021-04-02,28.42,29.64,28.42,29.12,112025
573,2021-04-01,28.08,28.6,27.56,28.34,73110
572,2021-03-31,29.2,29.2,26.86,28.51,145850
571,2021-03-30,29.55,29.64,28.6,28.86,138172
570,2021-03-29,29.46,30.24,29.03,29.64,258600
569,2021-03-26,29.29,29.46,27.3,29.46,209502
568,2021-03-25,31.2,31.2,26.34,29.29,570277
567,2021-03-24,31.2,31.98,29.46,31.2,272554
566,2021-03-23,31.89,32.06,29.9,31.02,386050
565,2021-03-22,32.93,32.93,31.72,31.98,175600
564,2021-03-19,31.63,33.8,31.2,32.93,235068
563,2021-03-18,29.46,32.06,29.46,31.28,154554
562,2021-03-17,27.04,29.38,27.04,29.38,146873
561,2021-03-16,27.21,27.21,26.78,26.86,85000
560,2021-03-15,27.9,27.9,26.78,27.12,129077
559,2021-03-12,27.12,29.03,27.12,27.3,186361
558,2021-03-11,26.6,27.3,26.43,26.86,131549
557,2021-03-10,26.78,26.78,26.52,26.52,132991
556,2021-03-09,26.78,26.86,25.91,26.78,268280
555,2021-03-08,24.7,26.43,24.7,26.17,337034
554,2021-03-05,23.05,24.26,22.53,24.0,160740
553,2021-03-04,23.31,23.4,22.44,23.14,95800
552,2021-03-03,23.4,23.4,23.14,23.31,57400
551,2021-03-02,24.18,24.18,22.96,23.31,61000
550,2021-03-01,23.48,23.48,23.05,23.22,67400
549,2021-02-26,22.7,23.92,22.7,23.4,72900
548,2021-02-25,23.57,24.26,23.31,24.18,88200
547,2021-02-24,24.96,24.96,23.4,23.66,94727
546,2021-02-23,25.56,25.56,24.09,24.44,46400
545,2021-02-22,24.26,25.22,23.83,24.26,193873
544,2021-02-19,23.4,24.26,23.22,23.57,88300
543,2021-02-18,21.49,23.22,21.49,23.05,148715
542,2021-02-17,22.1,22.1,20.37,21.84,49000
541,2021-02-09,20.37,22.1,20.28,20.8,57400
540,2021-02-08,20.8,20.97,20.02,20.45,81900
539,2021-02-05,20.71,20.8,19.93,20.71,137700
538,2021-02-04,20.8,20.97,20.45,20.45,44500
537,2021-02-03,19.41,20.8,19.41,20.63,35400
536,2021-02-02,18.81,19.93,18.72,19.41,22000
535,2021-02-01,20.8,20.8,18.55,19.76,93900
534,2021-01-29,17.33,21.23,17.16,20.8,94100
533,2021-01-28,20.8,21.67,19.76,19.76,88627
532,2021-01-27,24.44,24.78,21.75,23.05,58000
531,2021-01-26,25.74,26.08,24.61,24.7,134500
530,2021-01-25,26.26,26.26,25.13,25.91,275600
529,2021-01-22,26.26,26.43,25.13,26.0,179728
528,2021-01-21,25.91,26.0,24.96,25.56,92607
527,2021-01-20,25.56,25.56,22.01,24.7,49307
526,2021-01-19,28.08,28.08,23.92,25.04,110800
525,2021-01-18,27.47,29.46,27.21,28.08,151812
524,2021-01-15,26.0,29.03,25.3,28.51,243077
523,2021-01-14,25.91,27.64,25.22,26.26,106626
522,2021-01-13,25.13,26.34,24.0,26.0,376607
521,2021-01-12,21.32,24.09,21.15,24.09,126960
520,2021-01-11,21.75,22.1,19.59,21.67,60010
519,2021-01-08,24.09,24.09,20.97,22.44,299227
518,2021-01-07,18.37,21.06,18.37,21.06,156510
517,2021-01-06,18.03,18.37,18.03,18.37,66083
516,2021-01-05,15.25,16.29,15.17,16.29,527170
515,2021-01-04,14.21,15.08,14.04,15.08,185900
514,2020-12-31,13.87,13.87,13.87,13.87,5450
513,2020-12-30,13.78,14.3,13.69,14.21,8300
512,2020-12-29,14.13,14.13,13.52,13.95,3800
511,2020-12-28,14.47,14.47,14.04,14.3,8900
510,2020-12-25,14.3,14.91,14.3,14.39,13600
509,2020-12-24,15.25,15.25,14.04,14.04,8200
508,2020-12-23,15.51,15.6,15.17,15.25,25702
507,2020-12-22,13.87,15.95,13.87,15.95,10000
506,2020-12-21,13.87,13.87,13.87,13.87,4500
505,2020-12-18,13.69,13.87,13.69,13.87,1300
504,2020-12-17,13.87,13.87,13.87,13.87,1100
503,2020-12-16,13.43,13.43,13.43,13.43,1000
502,2020-12-15,13.87,13.87,13.87,13.87,1400
501,2020-12-14,13.87,13.95,13.87,13.95,1300
500,2020-12-11,13.78,13.87,13.87,13.87,0
499,2020-12-10,13.43,13.87,13.43,13.87,700
498,2020-12-09,14.3,14.3,14.3,14.3,100
497,2020-12-08,14.3,14.3,14.3,14.3,200
496,2020-12-07,14.04,14.04,13.87,13.87,8400
495,2020-12-04,14.3,14.3,14.3,14.3,0
494,2020-12-03,14.3,14.3,14.3,14.3,1000
493,2020-12-02,14.3,14.47,14.21,14.47,9000
492,2020-12-01,12.31,13.61,12.31,13.61,6600
491,2020-11-30,13.0,13.87,13.0,13.87,10300
490,2020-11-27,13.0,13.0,13.0,13.0,500
489,2020-11-26,13.09,13.43,12.39,13.43,6700
488,2020-11-25,12.31,12.31,12.31,12.31,1000
487,2020-11-24,12.22,12.31,12.22,12.31,2200
486,2020-11-23,12.22,12.22,12.22,12.22,2200
485,2020-11-20,13.35,13.87,13.87,13.87,0
484,2020-11-19,13.35,13.87,13.87,13.87,0
483,2020-11-18,13.35,13.87,13.87,13.87,0
482,2020-11-17,13.35,13.87,13.87,13.87,0
481,2020-11-16,12.57,13.87,12.57,13.87,12700
480,2020-11-13,12.91,12.91,12.13,12.13,700
479,2020-11-12,12.91,12.91,12.91,12.91,100
478,2020-11-11,11.96,11.96,11.96,11.96,10000
477,2020-11-10,12.65,12.65,11.79,11.87,2100
476,2020-11-09,12.65,12.65,12.65,12.65,0
475,2020-11-06,12.65,12.65,12.57,12.65,2700
474,2020-11-05,11.96,13.17,11.96,13.17,48600
473,2020-11-04,12.91,12.91,12.91,12.91,2100
472,2020-11-03,11.35,11.53,11.35,11.53,3800
471,2020-11-02,13.0,12.91,12.91,12.91,0
470,2020-10-30,13.0,13.0,12.91,12.91,3500
469,2020-10-29,13.35,13.35,13.35,13.35,0
468,2020-10-28,13.35,13.35,13.35,13.35,0
467,2020-10-27,13.35,13.35,13.35,13.35,100
466,2020-10-26,12.22,12.22,12.22,12.22,0
465,2020-10-23,12.22,12.22,12.22,12.22,0
464,2020-10-22,12.22,12.22,12.22,12.22,0
463,2020-10-21,12.13,12.22,12.13,12.22,2400
462,2020-10-20,13.0,13.0,13.0,13.0,5300
461,2020-10-19,13.52,13.52,13.52,13.52,0
460,2020-10-16,13.52,13.52,13.52,13.52,500
459,2020-10-15,13.52,13.43,13.43,13.43,0
458,2020-10-14,13.52,13.43,13.43,13.43,0
457,2020-10-13,13.52,13.43,13.43,13.43,0
456,2020-10-12,13.87,13.87,13.43,13.43,7000
455,2020-10-09,14.39,14.39,13.87,14.39,500
454,2020-10-08,14.39,14.39,13.87,13.87,1500
453,2020-10-07,14.56,14.56,14.56,14.56,0
452,2020-10-06,14.56,14.56,14.56,14.56,0
451,2020-10-05,14.56,14.56,14.56,14.56,0
450,2020-10-02,14.56,14.56,14.56,14.56,0
449,2020-10-01,14.56,14.56,14.56,14.56,3617
448,2020-09-30,14.56,14.56,14.56,14.56,1000
447,2020-09-29,14.56,14.56,14.56,14.56,0
446,2020-09-28,14.56,14.56,14.56,14.56,0
445,2020-09-25,14.56,14.65,14.56,14.56,3900
444,2020-09-24,14.56,14.56,14.56,14.56,1613
443,2020-09-23,14.04,14.04,14.04,14.04,0
442,2020-09-22,14.04,14.04,14.04,14.04,0
441,2020-09-21,14.04,14.04,14.04,14.04,300
440,2020-09-18,13.87,13.87,13.87,13.87,30
439,2020-09-17,13.87,13.87,13.87,13.87,5789
438,2020-09-16,14.65,14.65,13.26,13.26,3000
437,2020-09-15,14.91,14.91,14.91,14.91,0
436,2020-09-14,14.91,14.91,14.91,14.91,0
435,2020-09-11,14.91,14.91,14.91,14.91,0
434,2020-09-10,14.91,14.91,14.91,14.91,1800
433,2020-09-09,14.73,14.73,14.65,14.65,10430
432,2020-09-08,14.73,14.73,14.73,14.73,0
431,2020-09-07,14.73,14.73,14.73,14.73,0
430,2020-09-04,14.73,14.73,14.73,14.73,0
429,2020-09-03,14.73,14.73,14.73,14.73,2000
428,2020-09-01,14.56,14.56,14.56,14.56,1300
427,2020-08-31,15.17,15.08,15.08,15.08,0
426,2020-08-28,15.17,15.08,15.08,15.08,0
425,2020-08-27,15.17,15.17,15.08,15.08,24338
424,2020-08-26,14.56,15.34,14.56,14.91,24501
423,2020-08-25,13.35,13.35,13.35,13.35,500
422,2020-08-24,14.65,14.65,14.65,14.65,2500
421,2020-08-21,14.99,14.99,14.99,14.99,1000
420,2020-08-20,15.34,15.34,15.34,15.34,0
419,2020-08-19,15.34,15.34,15.34,15.34,1600
418,2020-08-18,15.17,15.51,14.99,15.51,12600
417,2020-08-17,15.17,15.17,15.08,15.08,6000
416,2020-08-14,15.17,15.17,14.73,14.99,11700
415,2020-08-13,15.34,15.43,14.99,14.99,10900
414,2020-08-12,15.17,15.17,14.99,14.99,8500
413,2020-08-11,14.99,15.08,14.73,14.73,8300
412,2020-08-10,14.99,15.17,14.91,15.08,12500
411,2020-08-07,13.52,14.91,13.52,14.91,7000
410,2020-08-06,13.61,13.52,13.52,13.52,0
409,2020-08-05,13.61,13.52,13.52,13.52,0
408,2020-08-04,13.61,13.61,13.52,13.52,200
407,2020-08-03,13.69,13.78,13.69,13.78,1200
406,2020-07-31,13.0,13.0,13.0,13.0,900
405,2020-07-30,13.78,13.78,13.78,13.78,100
404,2020-07-29,12.13,12.13,12.13,12.13,0
403,2020-07-28,12.13,12.13,12.13,12.13,0
402,2020-07-27,12.13,12.13,12.13,12.13,3200
401,2020-07-24,13.35,13.35,13.35,13.35,0
400,2020-07-23,13.35,13.35,13.35,13.35,100
399,2020-07-22,13.0,14.47,13.0,14.47,2400
398,2020-07-21,14.21,14.21,14.21,14.21,0
397,2020-07-20,12.65,14.39,12.65,14.39,800
396,2020-07-17,14.65,14.65,14.65,14.65,100
395,2020-07-16,13.87,13.87,13.87,13.87,1000
394,2020-07-15,14.65,14.65,14.65,14.65,0
393,2020-07-14,14.65,14.65,14.65,14.65,100
392,2020-07-13,14.21,14.21,14.21,14.21,0
391,2020-07-10,14.21,14.21,14.21,14.21,100
390,2020-07-09,14.13,14.13,14.13,14.13,0
389,2020-07-08,14.13,14.13,14.13,14.13,100
388,2020-07-07,13.35,15.08,13.35,15.08,11200
387,2020-07-06,13.35,13.35,13.35,13.35,0
386,2020-07-03,13.35,13.35,13.35,13.35,100
385,2020-07-02,14.73,14.91,14.73,14.91,2200
384,2020-07-01,14.73,14.99,14.73,14.99,5000
383,2020-06-30,14.65,14.73,14.3,14.73,6100
382,2020-06-29,14.13,14.13,14.13,14.13,1113
381,2020-06-26,15.51,15.51,13.95,15.51,3200
380,2020-06-25,15.08,15.51,15.08,15.51,5300
379,2020-06-24,13.78,15.17,13.78,15.17,7000
378,2020-06-23,16.03,16.03,15.17,15.17,10000
377,2020-06-22,13.95,13.95,13.87,13.87,3500
376,2020-06-19,14.99,16.03,14.73,16.03,3600
375,2020-06-18,16.03,16.03,16.03,16.47,23
374,2020-06-17,15.69,16.47,15.69,16.47,19000
373,2020-06-16,15.34,16.47,15.17,16.47,23022
372,2020-06-15,15.25,15.95,15.95,15.95,0
371,2020-06-12,15.86,15.95,13.95,15.95,17000
370,2020-06-11,15.95,16.38,15.6,16.38,5900
369,2020-06-10,14.82,16.47,14.82,16.38,14100
368,2020-06-09,15.6,16.55,15.6,16.55,12200
367,2020-06-08,14.73,16.55,14.73,16.55,15600
366,2020-06-05,16.03,16.64,16.03,16.64,6710
365,2020-06-04,13.87,16.47,13.87,16.47,11002
364,2020-06-03,16.03,16.03,16.03,16.03,5000
363,2020-06-02,16.03,16.03,16.03,16.03,0
362,2020-06-01,16.03,16.03,15.95,16.03,4810
361,2020-05-29,15.43,16.47,15.17,16.47,48600
360,2020-05-28,14.39,15.6,14.39,15.6,3323
359,2020-05-27,14.3,14.73,14.04,14.73,33500
358,2020-05-26,13.95,14.73,13.95,14.73,81100
357,2020-05-25,13.43,14.3,13.43,14.3,17500
356,2020-05-22,12.13,13.43,12.13,13.43,14000
355,2020-05-21,12.31,13.0,13.0,13.0,0
354,2020-05-20,12.13,13.0,12.05,13.0,16600
353,2020-05-19,13.0,13.0,13.0,13.0,0
352,2020-05-18,13.0,13.0,13.0,13.0,0
351,2020-05-15,13.0,13.0,13.0,13.0,0
350,2020-05-14,13.0,13.0,13.0,13.0,100
349,2020-05-13,11.44,12.13,11.44,12.13,2300
348,2020-05-12,13.09,13.09,11.18,12.57,4000
347,2020-05-11,13.09,13.09,13.09,13.09,0
346,2020-05-08,13.09,13.09,13.09,13.09,200
345,2020-05-07,12.83,12.83,12.57,12.57,900
344,2020-05-06,11.61,13.0,13.0,13.0,0
343,2020-05-05,11.27,13.0,11.27,13.0,1600
342,2020-05-04,12.91,12.91,12.91,12.91,0
341,2020-04-29,12.91,12.91,12.91,12.91,1800
340,2020-04-28,13.43,13.43,13.43,13.43,24679
339,2020-04-27,13.43,13.43,13.43,13.43,100
338,2020-04-24,12.74,12.74,12.74,12.74,1100
337,2020-04-23,12.13,13.43,13.43,13.43,0
336,2020-04-22,12.13,13.43,13.43,13.43,0
335,2020-04-21,12.13,13.43,11.7,13.43,1200
334,2020-04-20,13.69,13.69,13.69,13.69,0
333,2020-04-17,13.69,13.69,13.69,13.69,0
332,2020-04-16,13.69,13.69,13.69,13.69,0
331,2020-04-15,13.69,13.69,13.69,13.69,0
330,2020-04-14,13.69,13.69,13.69,13.69,0
329,2020-04-13,13.69,13.69,13.69,13.69,0
328,2020-04-10,13.69,13.69,13.69,13.69,0
327,2020-04-09,13.69,13.69,13.69,13.69,200
326,2020-04-08,13.61,13.61,13.61,13.61,100
325,2020-04-07,13.43,13.43,13.43,13.43,100
324,2020-04-06,10.4,13.35,10.4,13.35,3200
323,2020-04-03,12.13,13.87,12.13,12.13,22200
322,2020-04-01,10.75,12.31,10.75,12.31,99100
321,2020-03-31,10.75,10.75,10.75,10.75,7830
320,2020-03-30,12.57,12.57,12.57,12.57,14201
319,2020-03-27,12.57,12.57,12.57,12.57,10435
318,2020-03-26,13.78,13.78,12.48,12.48,1100
317,2020-03-25,12.48,12.48,12.48,12.48,100
316,2020-03-24,10.92,10.92,10.83,10.92,14451
315,2020-03-23,10.92,10.92,10.92,10.92,33146
314,2020-03-20,10.92,10.92,10.92,10.92,8648
313,2020-03-19,10.92,12.91,10.92,12.91,8300
312,2020-03-18,12.57,12.91,10.92,12.91,12200
311,2020-03-17,12.65,12.65,12.57,12.57,7100
310,2020-03-16,11.01,11.01,11.01,11.01,18271
309,2020-03-13,10.83,12.39,10.83,12.39,10800
308,2020-03-12,10.83,10.83,10.83,10.83,7300
307,2020-03-11,12.74,14.73,14.73,14.73,0
306,2020-03-10,12.65,14.73,12.65,14.73,14700
305,2020-03-09,14.82,14.82,14.82,14.82,1200
304,2020-03-06,15.08,15.08,13.69,13.69,58001
303,2020-03-05,13.0,13.35,13.0,13.35,1769
302,2020-03-04,12.65,14.04,12.65,14.04,9900
301,2020-03-03,14.04,14.04,12.48,14.04,20837
300,2020-03-02,12.13,16.29,12.13,16.29,6904
299,2020-02-28,14.13,16.03,14.13,16.03,3500
298,2020-02-27,18.2,18.2,16.38,16.38,2403
297,2020-02-26,15.86,15.86,15.86,15.86,0
296,2020-02-25,15.86,15.86,15.86,15.86,15000
295,2020-02-24,15.95,15.95,15.95,15.95,2000
294,2020-02-21,16.64,16.64,16.64,16.64,2100
293,2020-02-20,16.64,16.38,16.38,16.38,0
292,2020-02-19,16.81,16.81,16.38,16.38,9400
291,2020-02-18,18.63,18.63,18.63,18.63,100
290,2020-02-17,16.21,16.21,16.21,16.21,9800
289,2020-02-14,16.21,16.21,16.21,16.21,6935
288,2020-02-13,16.29,16.21,16.21,16.21,0
287,2020-02-12,16.64,16.64,16.21,16.21,21548
286,2020-02-11,13.87,16.47,13.87,16.47,3200
285,2020-02-10,16.29,16.29,16.29,16.29,12700
284,2020-02-07,16.29,16.29,16.29,16.29,0
283,2020-02-06,16.29,16.29,16.29,16.29,13500
282,2020-02-05,15.6,15.6,15.6,15.6,1300
281,2020-02-04,15.6,15.6,15.6,15.6,100
280,2020-02-03,13.52,15.51,13.52,15.51,2568
279,2020-01-31,15.86,16.03,13.43,16.03,5200
278,2020-01-30,15.77,15.77,15.77,15.77,1200
277,2020-01-22,24.18,24.18,17.94,21.06,33100
276,2020-01-21,21.06,21.06,21.06,21.06,0
275,2020-01-20,21.06,21.06,21.06,21.06,0
274,2020-01-17,21.06,21.06,21.06,21.06,0
273,2020-01-16,21.06,21.06,21.06,21.06,0
272,2020-01-15,21.06,21.06,21.06,21.06,0
271,2020-01-14,21.06,21.06,21.06,21.06,0
270,2020-01-13,21.06,21.06,21.06,21.06,100
269,2020-01-10,18.37,18.37,18.37,18.37,300
268,2020-01-09,16.03,15.77,15.77,15.77,0
267,2020-01-08,20.54,20.54,15.77,15.77,5300
266,2020-01-07,21.67,21.67,18.03,21.06,5600
265,2020-01-06,21.06,21.06,21.06,21.06,100
264,2020-01-03,24.7,24.7,24.7,24.7,300
263,2020-01-02,26.17,26.17,26.17,26.17,107
262,2019-12-31,23.74,23.74,17.68,23.74,900
261,2019-12-30,20.71,20.71,20.71,20.71,1300
260,2019-12-27,19.07,19.93,19.07,19.93,1000
259,2019-12-26,18.98,18.98,18.98,18.98,0
258,2019-12-25,18.98,18.98,18.98,18.98,0
257,2019-12-24,19.07,19.07,18.98,18.98,5498
256,2019-12-23,18.98,18.98,18.98,18.98,100
255,2019-12-20,18.11,19.07,18.11,19.07,400
254,2019-12-19,17.77,19.07,17.77,19.07,900
253,2019-12-18,18.63,18.63,18.63,18.63,100
252,2019-12-17,18.63,18.63,18.63,18.63,100
251,2019-12-16,16.29,18.98,16.29,18.98,2100
250,2019-12-13,18.98,18.98,18.98,18.98,0
249,2019-12-12,18.98,18.98,18.98,18.98,0
248,2019-12-11,18.98,18.98,18.98,18.98,0
247,2019-12-10,18.98,18.98,18.98,18.98,500
246,2019-12-09,18.37,19.07,18.37,19.07,10000
245,2019-12-06,21.58,21.58,21.58,21.58,1003
244,2019-12-05,20.19,20.19,20.19,20.19,0
243,2019-12-04,20.19,20.19,20.19,20.19,0
242,2019-12-03,20.19,20.19,20.19,20.19,0
241,2019-12-02,20.19,20.19,20.19,20.19,0
240,2019-11-29,20.19,20.19,20.19,20.19,100
239,2019-11-28,17.94,17.94,17.94,17.94,14400
238,2019-11-27,18.11,18.11,18.11,18.11,100
237,2019-11-26,15.51,18.03,15.51,18.03,10100
236,2019-11-25,15.69,15.69,15.69,15.69,76500
235,2019-11-22,17.77,17.85,17.77,17.77,2200
234,2019-11-21,18.2,18.2,17.77,17.77,4200
233,2019-11-20,18.2,18.2,18.2,18.2,1100
232,2019-11-19,19.59,20.02,20.02,20.02,0
231,2019-11-18,19.59,20.02,20.02,20.02,0
230,2019-11-15,19.59,20.02,20.02,20.02,0
229,2019-11-14,19.59,20.02,20.02,20.02,0
228,2019-11-13,19.07,20.02,19.07,20.02,200
227,2019-11-12,17.42,17.42,17.42,17.42,11600
226,2019-11-11,18.72,21.67,18.72,21.15,10600
225,2019-11-08,21.49,21.49,21.49,21.49,0
224,2019-11-07,21.49,21.49,21.49,21.49,11600
223,2019-11-06,20.71,21.49,20.71,20.8,11100
222,2019-11-05,20.8,20.8,20.8,20.8,0
221,2019-11-04,20.8,20.8,20.8,20.8,100
220,2019-11-01,18.63,18.63,18.63,18.63,100
219,2019-10-31,17.77,19.93,17.42,17.33,12900
218,2019-10-30,19.59,19.59,17.33,17.33,200
217,2019-10-29,17.42,20.11,16.99,20.11,7700
216,2019-10-28,19.85,20.45,19.85,20.45,2500
215,2019-10-25,18.2,23.48,18.2,21.06,13000
214,2019-10-24,20.45,20.45,20.45,20.45,800
213,2019-10-23,18.29,19.93,18.2,19.07,127400
212,2019-10-22,20.02,20.02,20.02,20.02,100
211,2019-10-21,17.59,17.59,17.59,17.59,11300
210,2019-10-18,17.51,17.51,17.51,17.51,0
209,2019-10-17,17.51,17.51,17.51,17.51,1000
208,2019-10-16,19.93,19.93,19.93,19.93,100
207,2019-10-15,17.42,18.63,17.42,18.63,197088
206,2019-10-14,17.25,19.07,17.25,19.07,1200
205,2019-10-11,16.81,19.59,16.81,19.59,80600
204,2019-10-10,19.59,19.59,19.59,19.59,100
203,2019-10-09,21.23,24.26,21.15,21.15,11200
202,2019-10-08,21.15,21.15,21.15,21.15,100
201,2019-10-07,19.07,19.07,17.33,19.07,7800
200,2019-10-04,16.64,16.64,16.64,16.64,700
199,2019-10-03,14.47,14.47,14.47,14.47,500
198,2019-10-02,15.77,15.77,11.79,15.6,15000
197,2019-10-01,15.95,18.11,13.69,18.11,43600
196,2019-09-30,16.12,16.12,15.86,16.12,70100
195,2019-09-27,18.63,18.63,18.63,18.63,100
194,2019-09-26,20.71,20.8,16.03,20.8,8600
193,2019-09-25,18.03,20.37,18.03,20.37,700
192,2019-09-24,18.03,21.06,18.03,21.06,200
191,2019-09-23,21.15,21.15,15.95,15.95,8300
190,2019-09-20,18.46,18.46,18.46,18.46,1000
189,2019-09-19,16.12,16.12,16.12,16.12,100
188,2019-09-18,14.04,14.04,14.04,14.04,100
187,2019-09-17,12.22,12.22,12.22,12.22,6100
186,2019-09-16,16.21,18.63,13.78,18.63,6000
185,2019-09-13,19.93,19.93,15.43,19.93,1100
184,2019-09-12,22.79,22.79,16.99,22.53,36300
183,2019-09-11,19.93,19.93,19.93,19.93,100
182,2019-09-10,18.63,18.63,18.63,18.63,100
181,2019-09-09,16.21,16.21,16.21,16.21,400
180,2019-09-06,19.07,19.07,19.07,19.07,0
179,2019-09-05,19.07,19.07,19.07,19.07,0
178,2019-09-04,19.07,19.07,19.07,19.07,0
177,2019-09-03,19.07,19.07,19.07,19.07,0
176,2019-08-30,19.07,19.07,19.07,19.07,0
175,2019-08-29,19.07,19.07,19.07,19.07,200
174,2019-08-28,19.07,19.07,18.72,18.72,700
173,2019-08-27,18.55,18.55,18.55,18.55,0
172,2019-08-26,18.55,18.55,18.55,18.55,100
171,2019-08-23,18.63,18.63,18.2,18.2,1250
170,2019-08-22,19.59,19.59,19.59,19.59,2
169,2019-08-21,19.59,19.59,19.59,19.59,26
168,2019-08-20,19.59,19.59,19.59,19.59,100
167,2019-08-19,17.16,17.16,17.16,17.16,100
166,2019-08-16,17.51,17.51,14.82,14.82,20000
165,2019-08-15,17.42,17.42,17.42,17.42,0
164,2019-08-14,17.42,17.42,17.42,17.42,0
163,2019-08-13,17.42,17.42,17.42,17.42,0
162,2019-08-12,17.42,17.42,17.42,17.42,0
161,2019-08-09,17.42,17.42,17.42,17.42,0
160,2019-08-08,17.42,17.42,17.42,17.42,200
159,2019-08-07,17.33,17.33,17.33,17.33,0
158,2019-08-06,17.33,17.33,17.33,17.33,100
157,2019-08-05,19.07,19.07,19.07,19.07,0
156,2019-08-02,19.07,19.07,19.07,19.07,300
155,2019-08-01,19.07,19.07,19.07,19.07,0
154,2019-07-31,19.07,19.07,19.07,19.07,0
153,2019-07-30,19.07,19.07,19.07,19.07,0
152,2019-07-29,19.07,19.07,19.07,19.07,0
151,2019-07-26,19.07,19.07,19.07,19.07,0
150,2019-07-25,19.07,19.07,19.07,19.07,100
149,2019-07-24,19.93,19.93,19.93,19.93,0
148,2019-07-23,19.93,19.93,19.93,19.93,0
147,2019-07-22,19.93,19.93,19.93,19.93,500
146,2019-07-19,17.85,17.85,17.85,17.85,100
145,2019-07-18,17.85,19.93,19.93,19.93,0
144,2019-07-17,17.85,19.93,19.93,19.93,0
143,2019-07-16,17.33,19.93,17.33,19.93,500
142,2019-07-15,17.33,18.2,17.33,18.2,1700
141,2019-07-12,19.07,19.07,19.07,19.07,0
140,2019-07-11,19.07,19.07,19.07,19.07,0
139,2019-07-10,19.07,19.07,19.07,19.07,100
138,2019-07-09,17.77,17.77,17.77,17.77,300
137,2019-07-08,16.64,19.85,16.64,19.85,1300
136,2019-07-05,19.5,19.5,19.5,19.5,0
135,2019-07-04,19.5,19.5,19.5,19.5,0
134,2019-07-03,19.5,19.5,19.5,19.5,0
133,2019-07-02,19.5,19.5,19.5,19.5,0
132,2019-07-01,19.5,19.5,19.5,19.5,0
131,2019-06-28,19.5,19.5,19.5,19.5,0
130,2019-06-27,19.5,19.5,19.5,19.5,0
129,2019-06-26,19.5,19.5,19.5,19.5,0
128,2019-06-25,19.5,19.5,19.5,19.5,300
127,2019-06-24,19.5,19.5,19.5,19.5,300
126,2019-06-21,19.5,19.5,19.5,19.5,0
125,2019-06-20,19.5,19.5,19.5,19.5,0
124,2019-06-19,19.5,20.37,20.37,20.37,0
123,2019-06-18,19.5,20.37,20.37,20.37,0
122,2019-06-17,19.5,20.37,20.37,20.37,0
121,2019-06-14,19.5,20.37,19.5,20.37,4100
120,2019-06-13,22.88,22.88,22.88,22.88,0
119,2019-06-12,22.88,22.88,22.88,22.88,0
118,2019-06-11,22.88,22.88,22.88,22.88,100
117,2019-06-10,19.93,19.93,19.93,19.93,0
116,2019-06-07,19.93,19.93,19.93,19.93,4600
115,2019-06-06,20.02,20.19,20.19,20.19,0
114,2019-06-05,20.02,20.19,20.19,20.19,0
113,2019-06-04,20.02,20.19,20.19,20.19,0
112,2019-06-03,20.02,20.19,20.19,20.19,0
111,2019-05-31,20.02,20.19,20.19,20.19,0
110,2019-05-30,20.02,20.19,20.19,20.19,0
109,2019-05-29,20.02,20.19,20.19,20.19,0
108,2019-05-28,19.93,20.19,19.93,20.19,3000
107,2019-05-27,19.07,19.07,19.07,19.07,0
106,2019-05-24,19.07,19.07,19.07,19.07,100
105,2019-05-23,19.5,19.5,19.5,19.5,0
104,2019-05-22,19.5,19.5,19.5,19.5,0
103,2019-05-21,19.5,19.5,19.5,19.5,0
102,2019-05-20,19.5,19.5,19.5,19.5,0
101,2019-05-17,19.5,19.5,19.5,19.5,0
100,2019-05-16,19.5,19.5,19.5,19.5,0
99,2019-05-15,19.5,19.5,19.5,19.5,0
98,2019-05-14,19.5,19.5,19.5,19.5,1000
97,2019-05-13,18.2,18.2,18.2,18.2,0
96,2019-05-10,18.2,18.2,18.2,18.2,0
95,2019-05-09,18.2,18.2,18.2,18.2,0
94,2019-05-08,18.2,18.2,18.2,18.2,0
93,2019-05-07,18.2,18.2,18.2,18.2,0
92,2019-05-06,18.2,18.2,18.2,18.2,0
91,2019-05-03,18.2,18.2,18.2,18.2,0
90,2019-05-02,18.2,18.2,18.2,18.2,1500
89,2019-04-26,18.2,18.2,18.2,18.2,100
88,2019-04-25,16.12,18.2,18.2,18.2,0
87,2019-04-24,16.9,18.2,15.6,18.2,1100
86,2019-04-23,17.33,17.33,17.33,17.33,0
85,2019-04-22,17.33,17.33,17.33,17.33,0
84,2019-04-19,17.33,17.33,17.33,17.33,0
83,2019-04-18,17.33,17.33,17.33,17.33,0
82,2019-04-17,17.33,17.33,17.33,17.33,0
81,2019-04-16,17.33,17.33,17.33,17.33,0
80,2019-04-12,17.33,17.33,17.33,17.33,0
79,2019-04-11,17.33,17.33,17.33,17.33,0
78,2019-04-10,17.33,17.33,17.33,17.33,0
77,2019-04-09,17.33,17.33,17.33,17.33,500
76,2019-04-08,17.94,17.94,17.94,17.94,0
75,2019-04-05,17.94,17.94,17.94,17.94,100
74,2019-04-04,15.6,15.6,15.6,15.6,0
73,2019-04-03,15.6,15.6,15.6,15.6,100
72,2019-04-02,15.6,15.6,15.6,15.6,18
71,2019-04-01,15.6,15.6,15.6,15.6,400
70,2019-03-29,15.6,17.94,15.6,17.94,7600
69,2019-03-28,15.6,15.6,15.6,15.6,100
68,2019-03-27,14.91,14.82,14.82,14.82,0
67,2019-03-26,15.17,15.17,14.73,14.82,1400
66,2019-03-25,14.82,14.82,14.82,14.82,500
65,2019-03-22,14.82,14.82,14.73,14.82,1500
64,2019-03-21,14.82,14.82,14.82,14.82,0
63,2019-03-20,14.82,14.82,14.82,14.82,18
62,2019-03-19,14.82,14.82,14.82,14.82,100
61,2019-03-18,14.73,14.73,14.73,14.73,0
60,2019-03-15,14.73,14.73,14.73,14.73,100
59,2019-03-14,15.6,15.6,15.6,15.6,0
58,2019-03-13,15.6,15.6,15.6,15.6,0
57,2019-03-12,15.6,15.6,15.6,15.6,0
56,2019-03-11,15.6,15.6,15.6,15.6,0
55,2019-03-08,15.6,15.6,15.6,15.6,0
54,2019-03-07,15.6,15.6,15.6,15.6,0
53,2019-03-06,15.6,15.6,15.6,15.6,0
52,2019-03-05,15.6,15.6,15.6,15.6,0
51,2019-03-04,15.6,15.6,15.6,15.6,100
50,2019-03-01,15.08,15.08,15.08,15.08,100
49,2019-02-28,13.17,17.68,13.17,17.68,5100
48,2019-02-27,15.43,15.43,15.43,15.43,0
47,2019-02-26,15.43,15.43,15.43,15.43,100
46,2019-02-25,13.43,17.77,13.35,17.77,4100
45,2019-02-22,14.73,19.76,14.73,19.76,1100
44,2019-02-21,17.25,17.25,17.25,17.25,0
43,2019-02-20,17.25,17.25,17.25,17.25,0
42,2019-02-19,17.25,17.25,17.25,17.25,0
41,2019-02-18,17.25,17.25,17.25,17.25,0
40,2019-02-15,17.25,17.25,17.25,17.25,0
39,2019-02-14,17.25,17.25,17.25,17.25,0
38,2019-02-13,17.25,17.25,17.25,17.25,0
37,2019-02-12,17.25,17.25,17.25,17.25,0
36,2019-02-11,17.25,17.25,17.25,17.25,0
35,2019-02-01,17.25,17.25,17.25,17.25,0
34,2019-01-31,17.25,17.25,17.25,17.25,100
33,2019-01-30,16.81,17.25,17.25,17.25,0
32,2019-01-29,16.81,17.25,17.25,17.25,0
31,2019-01-28,16.81,16.81,16.81,16.81,0
30,2019-01-25,16.81,16.81,16.81,16.81,0
29,2019-01-24,16.81,16.81,16.81,16.81,0
28,2019-01-23,16.81,16.81,16.81,16.81,0
27,2019-01-22,16.81,16.81,16.81,16.81,100
26,2019-01-21,15.21,16.9,15.21,16.9,200
25,2019-01-18,15.21,15.21,15.21,15.21,200
24,2019-01-17,13.26,13.26,13.26,13.26,100
23,2019-01-16,13.26,17.83,13.26,17.83,200
22,2019-01-15,15.55,15.55,15.55,15.55,100
21,2019-01-14,18.25,18.25,18.25,18.25,0
20,2019-01-11,18.25,18.25,18.25,18.25,100
19,2019-01-10,21.37,21.37,21.37,21.37,1500
18,2019-01-09,19.18,19.18,18.0,18.0,200
17,2019-01-08,20.28,20.28,20.28,20.28,100
16,2019-01-07,23.49,23.49,23.49,23.49,0
15,2019-01-04,23.49,23.49,23.49,23.49,0
14,2019-01-03,23.49,23.49,23.49,23.49,0
13,2019-01-02,23.49,23.49,23.49,23.49,0
12,2018-12-28,23.49,23.49,23.49,23.49,0
11,2018-12-27,23.49,23.49,23.49,23.49,0
10,2018-12-26,23.49,23.49,23.49,23.49,0
9,2018-12-25,23.49,23.49,23.49,23.49,400
8,2018-12-24,20.19,24.5,20.11,23.66,1200
7,2018-12-21,23.66,23.66,23.49,23.57,7400
6,2018-12-20,23.57,23.57,23.57,23.57,100
5,2018-12-19,24.67,24.67,18.25,24.59,10900
4,2018-12-18,21.46,21.46,21.46,21.46,5100
3,2018-12-17,18.67,18.67,18.67,18.67,5000
2,2018-12-14,16.31,16.31,16.31,16.31,5000
1,2018-12-13,14.19,14.19,14.19,14.19,5000
0,2018-12-12,10.14,10.14,10.14,10.14,0
